# Host: localhost  (Version: 5.5.53)
# Date: 2017-11-15 11:18:11
# Generator: MySQL-Front 5.3  (Build 4.234)

/*!40101 SET NAMES utf8 */;

#
# Structure for table "blog_article"
#

DROP TABLE IF EXISTS `blog_article`;
CREATE TABLE `blog_article` (
  `art_id` int(11) NOT NULL AUTO_INCREMENT COMMENT '//文章id',
  `art_title` varchar(100) DEFAULT NULL COMMENT '//标题',
  `art_tag` varchar(100) DEFAULT NULL COMMENT '//关键词',
  `art_description` varchar(255) DEFAULT NULL COMMENT '//描述',
  `art_thumb` varchar(255) DEFAULT NULL COMMENT '//缩略图',
  `art_content` text COMMENT '//文章内容',
  `art_time` int(11) DEFAULT '0' COMMENT '//发布时间',
  `art_editor` varchar(50) DEFAULT NULL COMMENT '//作者',
  `art_view` int(11) DEFAULT '0' COMMENT '//查看次数',
  `cate_id` int(11) NOT NULL DEFAULT '0' COMMENT '//分类id',
  PRIMARY KEY (`art_id`)
) ENGINE=MyISAM AUTO_INCREMENT=114 DEFAULT CHARSET=utf8 COMMENT='//文章表';

#
# Data for table "blog_article"
#

/*!40000 ALTER TABLE `blog_article` DISABLE KEYS */;
INSERT INTO `blog_article` VALUES (1,'火星人做公交车','火星人做公交车','火星人做公交车','/uploads/65b9b134a93b18bc92a340022c9ff63b.jpg','<p>火星人做公交车火星人做公交车火星人做公交车火星人做公交车火星人做公交车火星人做公交车火星人做公交车火星人做公交车火星人做公交车火星人做公交车</p>',1503884918,'小强',954348,1),(2,'在协调发展中行稳致远','建立区域协调发展新','建立区域协调发展新经验和教训告诉我们，如果只盯着经济数据的起伏涨落，忽视人民群众真格局实的幸福感、获得感，就会透支社会发展','/uploads/92091de7940779983b553fa6dedcd38f.JPG','<p style=\"margin-top: 0px; margin-bottom: 0px; padding: 0px; text-indent: 2em; color: rgb(51, 51, 51); font-family: &quot;Hiragino Sans GB&quot;, &quot;Microsoft Yahei&quot;, 宋体; white-space: normal; background-color: rgb(255, 255, 255);\">我国幅员辽阔，各地发展基础和条件各异，协调发展是现代化进程中必须面对的重大课题。同时，经济高速增长也伴随着&quot;成长的烦恼&quot;。缩小城乡差距、调整产业结构、补齐经济和社会发展&quot;短板&quot;……这些都是发展中要面对的问题。</p><p style=\"margin-top: 1.8em; margin-bottom: 0px; padding: 0px; text-indent: 2em; color: rgb(51, 51, 51); font-family: &quot;Hiragino Sans GB&quot;, &quot;Microsoft Yahei&quot;, 宋体; white-space: normal; background-color: rgb(255, 255, 255);\">党的十八大以来，以习近平同志为核心的党中央把握大局、审时度势、统筹兼顾,在协调发展中拓展发展空间，在加强薄弱领域中增强发展后劲，开辟了协调发展新途径。</p><p style=\"margin-top: 1.8em; margin-bottom: 0px; padding: 0px; text-indent: 2em; color: rgb(51, 51, 51); font-family: &quot;Hiragino Sans GB&quot;, &quot;Microsoft Yahei&quot;, 宋体; white-space: normal; background-color: rgb(255, 255, 255);\">协调发展是经济社会发展到一定阶段，呼唤可持续发展、关注整体效能的内在要求。协调发展的实质，就是提高发展协调性，瞄准薄弱环节和滞后领域，加快把&quot;短板&quot;补上，促进发展平衡、增强发展后劲。</p><p style=\"margin-top: 1.8em; margin-bottom: 0px; padding: 0px; text-indent: 2em; color: rgb(51, 51, 51); font-family: &quot;Hiragino Sans GB&quot;, &quot;Microsoft Yahei&quot;, 宋体; white-space: normal; background-color: rgb(255, 255, 255);\">经济发展新常态下，按照&quot;十三五&quot;规划提出的推动区域协调发展、推动城乡协调发展、推动物质文明和精神文明协调发展、推动经济建设和国防建设融合发展的协调发展线路图，我国各地深入贯彻落实协调发展理念，在协调发展中拓宽发展空间，在加强薄弱领域中增强发展后劲，协调发展渐入佳境。</p><p style=\"margin-top: 1.8em; margin-bottom: 0px; padding: 0px; text-indent: 2em; color: rgb(51, 51, 51); font-family: &quot;Hiragino Sans GB&quot;, &quot;Microsoft Yahei&quot;, 宋体; white-space: normal; background-color: rgb(255, 255, 255);\"><strong>建立区域协调发展新格局</strong></p><p style=\"margin-top: 1.8em; margin-bottom: 0px; padding: 0px; text-indent: 2em; color: rgb(51, 51, 51); font-family: &quot;Hiragino Sans GB&quot;, &quot;Microsoft Yahei&quot;, 宋体; white-space: normal; background-color: rgb(255, 255, 255);\">雄安新区，千年大计。不久前，北京市和河北省签署了《关于共同推进河北雄安新区规划建设战略合作协议》。北京将集中优势资源支持雄安，中关村、北京四中、宣武医院、史家胡同小学等北京优势资源将在雄安新区布局。&quot;从雄安最迫切的需求入手，首都北京集中优势资源支持雄安新区开局起势。&quot;北京市委书记蔡奇说。</p><p style=\"margin-top: 1.8em; margin-bottom: 0px; padding: 0px; text-indent: 2em; color: rgb(51, 51, 51); font-family: &quot;Hiragino Sans GB&quot;, &quot;Microsoft Yahei&quot;, 宋体; white-space: normal; background-color: rgb(255, 255, 255);\">在京津冀协同发展中，疏解北京非首都功能任务成为重中之重。经过多轮科学、严密论证，有着充裕发展空间的雄安，被选定为北京非首都功能的集中承载地。雄安新区的横空出世，成为京津冀协同发展战略深化的一个重大节点。自京津冀协同发展上升为国家战略以来，一批重要事项、重点项目、重大政策相继落地见效。交通一体化、生态环境保护、产业协同发展3个重点领域率先突破。从&quot;轨道上的京津冀&quot;，到科技创新、公共服务、干部人才交流，京津冀合作走向深入。三地激发出前所未有的联动热情，催生出越来越多惠及广大群众的发展成果。一个充满生机与活力、以首都为核心的世界级城市群正在悄然崛起。</p><p style=\"margin-top: 1.8em; margin-bottom: 0px; padding: 0px; text-indent: 2em; color: rgb(51, 51, 51); font-family: &quot;Hiragino Sans GB&quot;, &quot;Microsoft Yahei&quot;, 宋体; white-space: normal; background-color: rgb(255, 255, 255);\">国务院发展研究中心发展战略和区域经济研究部部长侯永志接受《经济日报》记者采访时表示，京津冀协同发展、长江经济带发展、&quot;一带一路&quot;建设三大战略，是党的十八大以来，党中央根据国内外发展形势和区域经济发展新变化作出的战略新布局，侧重点在于通过加强区域之间的合作打破行政壁垒，在更大的空间范围内解决区域经济发展过程中出现的问题，形成区域经济发展的合力和新动力。</p><p style=\"margin-top: 1.8em; margin-bottom: 0px; padding: 0px; text-indent: 2em; color: rgb(51, 51, 51); font-family: &quot;Hiragino Sans GB&quot;, &quot;Microsoft Yahei&quot;, 宋体; white-space: normal; background-color: rgb(255, 255, 255);\">目前，我国区域协调新格局正在形成，呈现出国内外联动、区域间协同,外部协同与内部协同并重的特点，体现出大开大阖、纵横内外的系统性和协调性，成为拉动经济增长的新动力，为中国经济转型升级拓展了广阔空间。</p><p style=\"margin-top: 1.8em; margin-bottom: 0px; padding: 0px; text-indent: 2em; color: rgb(51, 51, 51); font-family: &quot;Hiragino Sans GB&quot;, &quot;Microsoft Yahei&quot;, 宋体; white-space: normal; background-color: rgb(255, 255, 255);\"><strong>统筹城乡协调发展</strong></p><p style=\"margin-top: 1.8em; margin-bottom: 0px; padding: 0px; text-indent: 2em; color: rgb(51, 51, 51); font-family: &quot;Hiragino Sans GB&quot;, &quot;Microsoft Yahei&quot;, 宋体; white-space: normal; background-color: rgb(255, 255, 255);\">面对贫困这一全球性难题，我国创造了人类减贫史的奇迹。精准扶贫成为新阶段扶贫改革最鲜明、最重要的特征，是带有方向性意义的重大改革。7000万人脱贫的路径图正在实施:到2020年，通过产业扶持，将解决3000万人脱贫;通过转移就业，将解决1000万人脱贫;通过易地搬迁，将解决1000万人脱贫;还有2000多万完全或部分丧失劳动能力的贫困人口，全部纳入低保覆盖范围，实现社保政策兜底。</p><p style=\"margin-top: 1.8em; margin-bottom: 0px; padding: 0px; text-indent: 2em; color: rgb(51, 51, 51); font-family: &quot;Hiragino Sans GB&quot;, &quot;Microsoft Yahei&quot;, 宋体; white-space: normal; background-color: rgb(255, 255, 255);\">经验和教训告诉我们，如果只盯着经济数据的起伏涨落，忽视人民群众真实的幸福感、获得感，就会透支社会发展潜力，发展就难以持续。没有城乡协调发展，没有农村的小康，没有欠发达地区的小康，就谈不上全面建成小康社会。因此，精准扶贫很重要;支持革命老区、民族地区、边疆地区、贫困地区加快发展很重要;构建连接东中西、贯通南北方的多中心、网络化、开放式的区域开发格局，不断缩小地区发展差距很重要。近年来，我们致力坚持工业反哺农业、城市支持农村和多予少取放活方针，促进城乡公共资源均衡配置，不断缩小城乡发展差距。健全农村基础设施投入长效机制，增加公共服务供给，建立更加公平更可持续的社会保障制度，推进了城乡基本公共服务均等化。</p><p style=\"margin-top: 1.8em; margin-bottom: 0px; padding: 0px; text-indent: 2em; color: rgb(51, 51, 51); font-family: &quot;Hiragino Sans GB&quot;, &quot;Microsoft Yahei&quot;, 宋体; white-space: normal; background-color: rgb(255, 255, 255);\">我国经济社会发展的整体性协调性在增强，体现在一、二、三产业的协同发展，农业基础稳固、工业生产能力全面提升、服务业全面发展的产业格局逐步形成;体现在千方百计增加农民收入，城乡差距逐步缩小;体现在城乡结构发生历史性变化，农民在城市进得来、住得下、融得进、能就业;体现在区域结构不断优化，中西部地区发展潜力不断得以释放，东中西部地区各具特色、优势互补的协调发展格局雏形初现。</p><p style=\"margin-top: 1.8em; margin-bottom: 0px; padding: 0px; text-indent: 2em; color: rgb(51, 51, 51); font-family: &quot;Hiragino Sans GB&quot;, &quot;Microsoft Yahei&quot;, 宋体; white-space: normal; background-color: rgb(255, 255, 255);\">协调发展，目的在发展，重点在协调。从一定意义上说，协调的水平决定了发展的质量，协调的效率影响着发展的效益。协调发展，让发展走得更远、更有&quot;含金量&quot;。</p><p><br/></p>',1503887094,'小编',812420,1),(3,'“自助超市”不是道德试纸','无人超市电子围栏电子围栏','无人超市电子围栏电子围栏','/uploads/ecaadd3e66e6831ce3e9f1f049bc7bb7.JPG','<p style=\"margin-top: 0px; margin-bottom: 0px; padding: 0px;\">自助超市”要相信民众的文明素养，更要相信规则意识的“电子围栏”。</p><p style=\"margin-top: 1.8em; margin-bottom: 0px; padding: 0px;\">继“无人超市”引发热议后，广州有连锁超市推出自助服务，顾客将选购好的商品，在自助收银机刷一刷即可用手机完成支付，据测算减少了25%的排队等候时间。截至目前，该超市超过130万单的自助结账，未发现一单少结或未结账离店的行为。</p><p style=\"margin-top: 1.8em; margin-bottom: 0px; padding: 0px;\">试水半年，无一逃单，如此漂亮的数据确实让人感慨人心向善、诚信本分。也必须承认，超市走进社区已早有时日，在这个基础上建立起来的自助结账模式，有赖于此前人工结账模式中“结账出闸”的习惯养成，也就是说自助结账与市民的文明素质提升有着一定关系。但是，如果将此完全归誉于市民素质而不是秩序规则的建立，就不免有失偏颇了。</p><p style=\"margin-top: 1.8em; margin-bottom: 0px; padding: 0px;\">一个最典型的例证是，同样作为新生事物，共享单车甫一出现备受市民欢迎，但没过多久，乱停乱放、加装私锁等现象层出不穷，乃至被网友称之为“国民素质的照妖镜”。类似现象，各个城市均有出现，而广州也不例外。在同一座城市，同样的市民群体，面对共享单车和“自助超市”会有迥然不同的表现——这值得深思。</p><p style=\"margin-top: 1.8em; margin-bottom: 0px; padding: 0px;\">事实上，“自助超市”并不是“无人超市”，只是超市另辟了自助结账的闸口，工作人员可以在闸口外对离店前的商品进行核对，同时自助结账口上方装有摄像头监控。某种意义上，正是这些监督措施，保证了购物市民的文明素质不下滑。</p><p style=\"margin-top: 0px; margin-bottom: 0px; padding: 0px;\">共享单车的前车之鉴告诉我们，科技进步在改变生活的同时，必须做好防范人性“庸常之恶”的技防，从而让规则意识与新生事物同步生长。惟其如此，才能保证科技进步与民众素质同步提升。相反，一种新生事物，如果不能够自带抵御人性庸恶的技防，就会诱惑着人性中狡黠的一面去造出“破窗效应”，从而拉低民众的文明素养。</p><p style=\"margin-top: 1.8em; margin-bottom: 0px; padding: 0px;\">不久前亮相杭州街头的“无人超市”，在经过短暂试水后暂时关闭。虽然是惊鸿一瞥，但也预示着“无人超市”离走进民众生活已经不远了。从“自助超市”到“无人超市”，新生事物接踵而来，某种程度上，其中的科技含量已不会令人担心，真正需要观察的是，这些新鲜事物须要从一开始就最大可能地堵上“道德测试”的漏洞，让技防之下的规则红线嵌入其中。这可以说是新生事物的社会责任之一，因为任何一次“破窗效应”的呈现，都是人性庸恶的探底。所以，“自助超市”要相信民众的文明素养，更要相信规则意识的“电子围栏”。(燕农)</p><p><span class=\"news-Edit\" style=\"display: block; float: left; margin-bottom: 20px; font-size: 14px; font-family: &quot;Hiragino Sans GB&quot;, &quot;Microsoft Yahei&quot;, 宋体; background-color: rgb(255, 255, 255);\"></span></p><p><br/></p>',1503887281,'小编',745670,1),(4,'测试计划1','阿萨德','阿萨法撒旦发噶地方官 按时到岗','/uploads/99412d460b3cfae95e809e5ba438ca2c.jpg','<p style=\"margin-top: 1.8em; margin-bottom: 0px; padding: 0px; color: rgb(51, 51, 51); font-family: &quot;Hiragino Sans GB&quot;, &quot;Microsoft Yahei&quot;, 宋体; text-align: justify; white-space: normal; background-color: rgb(255, 255, 255);\">最近，北京黄金地段一个煎饼摊的大妈火了。顾客拿到煎饼果子之后，坚持认为大妈少打了一个鸡蛋，大妈辩解不过，忍不住说了一句：我月入3万，怎么会少你一个鸡蛋！此言一出，网友哗然。评论区里，大家纷纷指出，身边有好多类似煎饼大妈的牛人。</p><p style=\"margin-top: 1.8em; margin-bottom: 0px; padding: 0px; color: rgb(51, 51, 51); font-family: &quot;Hiragino Sans GB&quot;, &quot;Microsoft Yahei&quot;, 宋体; text-align: justify; white-space: normal; background-color: rgb(255, 255, 255);\">煎饼大妈是否可以月入3万，有专门的技术派分析过，答案无非两种。一是按照这个收入来挣钱，容易猝死；二是收入确实可观，煎饼大妈并没有吹牛。对一般人来说，煎饼大妈的收入到底是多少并不重要。重要的在于，煎饼大妈一语道破了一个大家长久以来的隐约感受——上过大学的不如摆摊卖饭的，而且这种感受越来越强，推而衍之成为结论，即脑力劳动者不如体力劳动者挣得多。</p><p style=\"margin-top: 1.8em; margin-bottom: 0px; padding: 0px; color: rgb(51, 51, 51); font-family: &quot;Hiragino Sans GB&quot;, &quot;Microsoft Yahei&quot;, 宋体; text-align: justify; white-space: normal; background-color: rgb(255, 255, 255);\">事实上，改革开放初期，中国社会曾经有过一段“造原子弹的不如卖茶叶蛋的”时期。那时，商品流通领域最有利可图，从事小商品经营及服务业（如出租车司机）的收入，远高于知识分子（如高校教师），于是全民经商，倒爷遍地，收入与价值严重脱节，被人形容为“脑体倒挂”。</p><p style=\"margin-top: 1.8em; margin-bottom: 0px; padding: 0px; color: rgb(51, 51, 51); font-family: &quot;Hiragino Sans GB&quot;, &quot;Microsoft Yahei&quot;, 宋体; text-align: justify; white-space: normal; background-color: rgb(255, 255, 255);\">上过大学的真的不如摆摊卖饭的吗？这是一次新的“脑体倒挂”吗？这又是一种“读书无用论”吗？</p><p style=\"margin-top: 1.8em; margin-bottom: 0px; padding: 0px; color: rgb(51, 51, 51); font-family: &quot;Hiragino Sans GB&quot;, &quot;Microsoft Yahei&quot;, 宋体; text-align: justify; white-space: normal; background-color: rgb(255, 255, 255);\">在市场经济的语境中，这不过是一个选择的问题。中国发展市场经济已经有几十年，但市场经济的观念未必能深入人心。简单来说，市场经济的基本原则是，八仙过海，各显神通，赚多赚少，都凭本事。只要不是违法违规，选择什么职业，做什么工作，悉听尊便，收入多少当然也是选择的结果。</p><p style=\"margin-top: 1.8em; margin-bottom: 0px; padding: 0px; color: rgb(51, 51, 51); font-family: &quot;Hiragino Sans GB&quot;, &quot;Microsoft Yahei&quot;, 宋体; text-align: justify; white-space: normal; background-color: rgb(255, 255, 255);\">先说清楚，卖煎饼并不是表面看起来那么容易：首先你得早起，这就意味着你可能没那么丰富的夜生活；你还得进货，这得有个好身体；你还得动作快，味道好，不然留不住客人；更不用说一身的油污和葱花味儿，常年忍受风吹日晒以及随时都有可能到来的城管……</p><p style=\"margin-top: 1.8em; margin-bottom: 0px; padding: 0px; color: rgb(51, 51, 51); font-family: &quot;Hiragino Sans GB&quot;, &quot;Microsoft Yahei&quot;, 宋体; text-align: justify; white-space: normal; background-color: rgb(255, 255, 255);\">艳羡煎饼大妈，那就走出办公室，走出写字楼；受不了那个苦累，就挑力所能及的工作自食其力。对于白领来说，这就是一道选择题。煎饼摊并不轻松，办公室也没那么骄傲。不论985还是211，不过是一纸学历，并不是高收入的保证书。不过话说回来，对于煎饼大妈来说，这道选择题的选项就不多了。白领可以走出办公室，煎饼大妈却未必能进得了写字楼。</p><div class=\"seed-area\" style=\"margin: 22px 30px 0px auto; padding: 0px; float: left; color: rgb(51, 51, 51); font-family: &quot;Hiragino Sans GB&quot;, &quot;Microsoft Yahei&quot;, 宋体; text-align: justify; white-space: normal; background-color: rgb(255, 255, 255);\"></div><p style=\"margin-top: 0px; margin-bottom: 0px; padding: 0px; color: rgb(51, 51, 51); font-family: &quot;Hiragino Sans GB&quot;, &quot;Microsoft Yahei&quot;, 宋体; text-align: justify; white-space: normal; background-color: rgb(255, 255, 255);\">也就是说，煎饼大妈的月入3万和写字楼里的月入5千，都是市场自由竞争、自由选择的结果。而且，市场经济还意味着，所有的竞争都来自于稀缺性。比如，一个优秀的泥瓦匠、木工目前是很抢手的，是市场稀缺的人才，这就是市场发出的信号。</p><p style=\"margin-top: 1.8em; margin-bottom: 0px; padding: 0px; color: rgb(51, 51, 51); font-family: &quot;Hiragino Sans GB&quot;, &quot;Microsoft Yahei&quot;, 宋体; text-align: justify; white-space: normal; background-color: rgb(255, 255, 255);\">当然，对于高学历人才来说，市场的选项并不是只有“体面工作+较低报酬”或“脏苦累工作+较高报酬”，也可以“体面工作+较高报酬”。就拿很多人都学过且认为没用的高等数学来说，所谓没用，不是高数没用，而是绝大多数人没有把它学到有用的程度，一句话，学艺不精。任何行业都是如此，学艺若精，在哪都是稀缺人才，大约也就不会羡慕一个煎饼摊了。（赵清源）</p><p><br/></p>',1503887342,'阿萨德',634747,1),(5,'测试11','测试11测试11测试11','测试11测试11测试11测试11测试11测试11','/uploads/99412d460b3cfae95e809e5ba438ca2c.jpg','<p>测试11测试11测试11测试11测试11测试11测试11测试11测试11测试11测试11测试11测试11测试11测试11测试11测试11测试11测试11测试11测试11测试11测试11测试11测试11测试11测试11测试11测试11测试11测试11测试11测试11测试11测试11测试11测试1测试11测试11测试11测试11测试11测试11测试11测试11测试11测试11测试11测试11测试11测试11测试11测试11测试11测试11测试11测试11测试11测试11测试11测试11测试11测试11测试11测试11测试11测试11测试11测试11测试11测试11测试11测试11测试11测试11测试11测试11测试11测试11测试11测试11测试11测试11测试11测试11测试11测试11测试11测试11测试11测试11测试11测试11测试11测试11测试11测试11测试11测试11测试11测试11测试11测试11测试11测试11测试11测试11测试11测试11测试11测试11测试11测试11测试11测试11测试11测试11测试11测试11测试11测试11测试11测试11测试11测试11测试11测试11测试11测试11测试11测试11测试11测试11测试11测试11测试11测试11测试11测试11测试11测试11测试11测试11测试11测试11测试11测试11测试11测试11测试11测试11测试11测试11测试11测试11测试11测试11测试11测试11测试11测试11测试11测试11测试11测试11测试11测试11测试11测试11测试11测试11测试11测试11测试11测试11测试11测试11测试11测试11测试11测试11测试11测试11测试11测试11测试11测试11测试11测试11测试11测试11测试11测试11测试11测试11测试11测试11测试11测试11测试11测试11测试11测试11测试11测试11测试11测试11测试11测试11测试11测试11测试11测试11测试11测试11测试11测试11测试11测试11测试11测试11测试11测试11测试11测试11测试11测试11测试11测试11测试11测试11测试11测试11测试11测试11测试11测试11测试11测试11测试11测试11测试11测试11测试11测试11测试11测试11测试11测试11测试11测试11测试11测试11测试11测试11测试11测试11测试11测试11测试11测试11测试11测试11测试11测试11测试11测试11测试11测试11测试11测试11测试11测试11测试11测试11测试11测试11测试11测试11测试11测试11测试11测试11测试11测试11测试11测试11测试11测试11测试11测试11测试11测试11测试11测试11测试11测试11测试11测试11测试11测试11测试11测试11测试11测试11测试11测试11测试11测试11测试11测试11测试11测试11测试11测试11测试11测试11测试11测试11测试11测试11测试11测试11测试11测试11测试11测试11测试11测试11测试11测试11测试11测试11测试11测试11测试11测试11测试11测试11测试11测试11测试11测试11测试11测试11测试11测试11测试11测试11测试11测试11测试11测试11测试11测试11测试11测试11测试11测试11测试11测试11测试11测试11测试11测试11测试11测试11测试11测试11测试11测试11测试11测试11测试11测试11测试11测试11测试11测试11测试11测试11测试11测试11测试11测试11测试11测试11测试11测试11测试11测试11测试11测试11测试11测试11测试11测试11测试11测试11测试11测试11测试11测试11测试11测试11测试11测试11测试11测试11测试11测试11测试11测试11测试11测试11测试11测试11测试11测试11测试11测试11测试11测试11测试11测试11测试11测试11测试11测试11测试11测试11测试11测试11测试11测试11测试11测试11测试11测试11测试11测试11测试11测试11测试11测试11测试11测试11测试11测试11测试11测试11测试11测试11测试11测试11测试11测试11测试11测试11测试11测试11测试11测试11测试11测试11测试11测试11测试11测试11测试11测试11测试11测试11测试11测试11测试11测试11测试11测试11测试11测试11测试11测试11测试11测试11测试11测试11测试11测试11测试11测试11测试11测试11测试11测试11测试11测试11测试11测试11测试11测试11测试11测试11测试11测试11测试11测试111测试11测试11测试11测试11测试11测试11测试11测试11测试11测试11测试11</p>',1503888260,'小便',46,1),(7,'测试标题','测试标题','测试标题测试标题测试标题测试标题','/uploads/99412d460b3cfae95e809e5ba438ca2c.jpg','测试标题测试标题测试标题测试标题测试标题测试标\r\n        题测试标题测试标题测试标题测试标题测试标题测试标题测试标题测试标题测试标题测试标题测试标题测试标题测试标题测试标题测试标题测试标题测试标题测试标题测试标题测试标题测试标题\r\n        测试标题测试标题测试标题测试标题测试标题测试标题测试标题测试标题测试标题测试标题测试标题测试标题测试标题测试标题测试标题测试标题测试标题测试标题测试标题测试标题测试标\r\n        题测试标题测试标题',1503884918,'aaa',55,1),(8,'测试标题','测试标题','测试标题测试标题测试标题测试标题','/uploads/99412d460b3cfae95e809e5ba438ca2c.jpg','测试标题测试标题测试标题测试标题测试标题测试标\r\n        题测试标题测试标题测试标题测试标题测试标题测试标题测试标题测试标题测试标题测试标题测试标题测试标题测试标题测试标题测试标题测试标题测试标题测试标题测试标题测试标题测试标题\r\n        测试标题测试标题测试标题测试标题测试标题测试标题测试标题测试标题测试标题测试标题测试标题测试标题测试标题测试标题测试标题测试标题测试标题测试标题测试标题测试标题测试标\r\n        题测试标题测试标题',1503884918,'aaa',66,1),(9,'测试标题','测试标题','测试标题测试标题测试标题测试标题','/uploads/99412d460b3cfae95e809e5ba438ca2c.jpg','测试标题测试标题测试标题测试标题测试标题测试标\r\n        题测试标题测试标题测试标题测试标题测试标题测试标题测试标题测试标题测试标题测试标题测试标题测试标题测试标题测试标题测试标题测试标题测试标题测试标题测试标题测试标题测试标题\r\n        测试标题测试标题测试标题测试标题测试标题测试标题测试标题测试标题测试标题测试标题测试标题测试标题测试标题测试标题测试标题测试标题测试标题测试标题测试标题测试标题测试标\r\n        题测试标题测试标题',1503884918,'aaa',66,1),(10,'测试标题','测试标题','测试标题测试标题测试标题测试标题','/uploads/99412d460b3cfae95e809e5ba438ca2c.jpg','测试标题测试标题测试标题测试标题测试标题测试标\r\n        题测试标题测试标题测试标题测试标题测试标题测试标题测试标题测试标题测试标题测试标题测试标题测试标题测试标题测试标题测试标题测试标题测试标题测试标题测试标题测试标题测试标题\r\n        测试标题测试标题测试标题测试标题测试标题测试标题测试标题测试标题测试标题测试标题测试标题测试标题测试标题测试标题测试标题测试标题测试标题测试标题测试标题测试标题测试标\r\n        题测试标题测试标题',1503884918,'aaa',34,1),(11,'测试标题','测试标题','测试标题测试标题测试标题测试标题','/uploads/99412d460b3cfae95e809e5ba438ca2c.jpg','测试标题测试标题测试标题测试标题测试标题测试标\r\n        题测试标题测试标题测试标题测试标题测试标题测试标题测试标题测试标题测试标题测试标题测试标题测试标题测试标题测试标题测试标题测试标题测试标题测试标题测试标题测试标题测试标题\r\n        测试标题测试标题测试标题测试标题测试标题测试标题测试标题测试标题测试标题测试标题测试标题测试标题测试标题测试标题测试标题测试标题测试标题测试标题测试标题测试标题测试标\r\n        题测试标题测试标题',1503884918,'aaa',7,1),(12,'测试标题','测试标题','测试标题测试标题测试标题测试标题','/uploads/99412d460b3cfae95e809e5ba438ca2c.jpg','测试标题测试标题测试标题测试标题测试标题测试标\r\n        题测试标题测试标题测试标题测试标题测试标题测试标题测试标题测试标题测试标题测试标题测试标题测试标题测试标题测试标题测试标题测试标题测试标题测试标题测试标题测试标题测试标题\r\n        测试标题测试标题测试标题测试标题测试标题测试标题测试标题测试标题测试标题测试标题测试标题测试标题测试标题测试标题测试标题测试标题测试标题测试标题测试标题测试标题测试标\r\n        题测试标题测试标题',1503884918,'aaa',6345,1),(13,'测试标题','测试标题','测试标题测试标题测试标题测试标题','/uploads/99412d460b3cfae95e809e5ba438ca2c.jpg','测试标题测试标题测试标题测试标题测试标题测试标\r\n        题测试标题测试标题测试标题测试标题测试标题测试标题测试标题测试标题测试标题测试标题测试标题测试标题测试标题测试标题测试标题测试标题测试标题测试标题测试标题测试标题测试标题\r\n        测试标题测试标题测试标题测试标题测试标题测试标题测试标题测试标题测试标题测试标题测试标题测试标题测试标题测试标题测试标题测试标题测试标题测试标题测试标题测试标题测试标\r\n        题测试标题测试标题',1503884918,'aaa',73,1),(14,'测试标题','测试标题','测试标题测试标题测试标题测试标题','/uploads/99412d460b3cfae95e809e5ba438ca2c.jpg','测试标题测试标题测试标题测试标题测试标题测试标\r\n        题测试标题测试标题测试标题测试标题测试标题测试标题测试标题测试标题测试标题测试标题测试标题测试标题测试标题测试标题测试标题测试标题测试标题测试标题测试标题测试标题测试标题\r\n        测试标题测试标题测试标题测试标题测试标题测试标题测试标题测试标题测试标题测试标题测试标题测试标题测试标题测试标题测试标题测试标题测试标题测试标题测试标题测试标题测试标\r\n        题测试标题测试标题',1503884918,'aaa',453,1),(15,'测试标题','测试标题','测试标题测试标题测试标题测试标题','/uploads/99412d460b3cfae95e809e5ba438ca2c.jpg','测试标题测试标题测试标题测试标题测试标题测试标\r\n        题测试标题测试标题测试标题测试标题测试标题测试标题测试标题测试标题测试标题测试标题测试标题测试标题测试标题测试标题测试标题测试标题测试标题测试标题测试标题测试标题测试标题\r\n        测试标题测试标题测试标题测试标题测试标题测试标题测试标题测试标题测试标题测试标题测试标题测试标题测试标题测试标题测试标题测试标题测试标题测试标题测试标题测试标题测试标\r\n        题测试标题测试标题',1503884918,'aaa',45,1),(16,'测试标题','测试标题','测试标题测试标题测试标题测试标题','/uploads/99412d460b3cfae95e809e5ba438ca2c.jpg','测试标题测试标题测试标题测试标题测试标题测试标\r\n        题测试标题测试标题测试标题测试标题测试标题测试标题测试标题测试标题测试标题测试标题测试标题测试标题测试标题测试标题测试标题测试标题测试标题测试标题测试标题测试标题测试标题\r\n        测试标题测试标题测试标题测试标题测试标题测试标题测试标题测试标题测试标题测试标题测试标题测试标题测试标题测试标题测试标题测试标题测试标题测试标题测试标题测试标题测试标\r\n        题测试标题测试标题',1503884918,'aaa',453,1),(17,'测试标题','测试标题','测试标题测试标题测试标题测试标题','/uploads/99412d460b3cfae95e809e5ba438ca2c.jpg','测试标题测试标题测试标题测试标题测试标题测试标\r\n        题测试标题测试标题测试标题测试标题测试标题测试标题测试标题测试标题测试标题测试标题测试标题测试标题测试标题测试标题测试标题测试标题测试标题测试标题测试标题测试标题测试标题\r\n        测试标题测试标题测试标题测试标题测试标题测试标题测试标题测试标题测试标题测试标题测试标题测试标题测试标题测试标题测试标题测试标题测试标题测试标题测试标题测试标题测试标\r\n        题测试标题测试标题',1503884918,'aaa',3453,1),(18,'测试标题','测试标题','测试标题测试标题测试标题测试标题','/uploads/99412d460b3cfae95e809e5ba438ca2c.jpg','测试标题测试标题测试标题测试标题测试标题测试标\r\n        题测试标题测试标题测试标题测试标题测试标题测试标题测试标题测试标题测试标题测试标题测试标题测试标题测试标题测试标题测试标题测试标题测试标题测试标题测试标题测试标题测试标题\r\n        测试标题测试标题测试标题测试标题测试标题测试标题测试标题测试标题测试标题测试标题测试标题测试标题测试标题测试标题测试标题测试标题测试标题测试标题测试标题测试标题测试标\r\n        题测试标题测试标题',1503884918,'aaa',345,1),(19,'测试标题','测试标题','测试标题测试标题测试标题测试标题','/uploads/99412d460b3cfae95e809e5ba438ca2c.jpg','测试标题测试标题测试标题测试标题测试标题测试标\r\n        题测试标题测试标题测试标题测试标题测试标题测试标题测试标题测试标题测试标题测试标题测试标题测试标题测试标题测试标题测试标题测试标题测试标题测试标题测试标题测试标题测试标题\r\n        测试标题测试标题测试标题测试标题测试标题测试标题测试标题测试标题测试标题测试标题测试标题测试标题测试标题测试标题测试标题测试标题测试标题测试标题测试标题测试标题测试标\r\n        题测试标题测试标题',1503884918,'aaa',453,1),(20,'测试标题','测试标题','测试标题测试标题测试标题测试标题','/uploads/99412d460b3cfae95e809e5ba438ca2c.jpg','测试标题测试标题测试标题测试标题测试标题测试标\r\n        题测试标题测试标题测试标题测试标题测试标题测试标题测试标题测试标题测试标题测试标题测试标题测试标题测试标题测试标题测试标题测试标题测试标题测试标题测试标题测试标题测试标题\r\n        测试标题测试标题测试标题测试标题测试标题测试标题测试标题测试标题测试标题测试标题测试标题测试标题测试标题测试标题测试标题测试标题测试标题测试标题测试标题测试标题测试标\r\n        题测试标题测试标题',1503884918,'aaa',45,1),(21,'测试标题','测试标题','测试标题测试标题测试标题测试标题','/uploads/99412d460b3cfae95e809e5ba438ca2c.jpg','测试标题测试标题测试标题测试标题测试标题测试标\r\n        题测试标题测试标题测试标题测试标题测试标题测试标题测试标题测试标题测试标题测试标题测试标题测试标题测试标题测试标题测试标题测试标题测试标题测试标题测试标题测试标题测试标题\r\n        测试标题测试标题测试标题测试标题测试标题测试标题测试标题测试标题测试标题测试标题测试标题测试标题测试标题测试标题测试标题测试标题测试标题测试标题测试标题测试标题测试标\r\n        题测试标题测试标题',1503884918,'aaa',345,1),(22,'测试标题','测试标题','测试标题测试标题测试标题测试标题','/uploads/99412d460b3cfae95e809e5ba438ca2c.jpg','测试标题测试标题测试标题测试标题测试标题测试标\r\n        题测试标题测试标题测试标题测试标题测试标题测试标题测试标题测试标题测试标题测试标题测试标题测试标题测试标题测试标题测试标题测试标题测试标题测试标题测试标题测试标题测试标题\r\n        测试标题测试标题测试标题测试标题测试标题测试标题测试标题测试标题测试标题测试标题测试标题测试标题测试标题测试标题测试标题测试标题测试标题测试标题测试标题测试标题测试标\r\n        题测试标题测试标题',1503884918,'aaa',345,1),(23,'测试标题','测试标题','测试标题测试标题测试标题测试标题','/uploads/99412d460b3cfae95e809e5ba438ca2c.jpg','测试标题测试标题测试标题测试标题测试标题测试标\r\n        题测试标题测试标题测试标题测试标题测试标题测试标题测试标题测试标题测试标题测试标题测试标题测试标题测试标题测试标题测试标题测试标题测试标题测试标题测试标题测试标题测试标题\r\n        测试标题测试标题测试标题测试标题测试标题测试标题测试标题测试标题测试标题测试标题测试标题测试标题测试标题测试标题测试标题测试标题测试标题测试标题测试标题测试标题测试标\r\n        题测试标题测试标题',1503884918,'aaa',345,1),(24,'测试标题','测试标题','测试标题测试标题测试标题测试标题','/uploads/99412d460b3cfae95e809e5ba438ca2c.jpg','测试标题测试标题测试标题测试标题测试标题测试标\r\n        题测试标题测试标题测试标题测试标题测试标题测试标题测试标题测试标题测试标题测试标题测试标题测试标题测试标题测试标题测试标题测试标题测试标题测试标题测试标题测试标题测试标题\r\n        测试标题测试标题测试标题测试标题测试标题测试标题测试标题测试标题测试标题测试标题测试标题测试标题测试标题测试标题测试标题测试标题测试标题测试标题测试标题测试标题测试标\r\n        题测试标题测试标题',1503884918,'aaa',345,1),(25,'测试标题','测试标题','测试标题测试标题测试标题测试标题','/uploads/99412d460b3cfae95e809e5ba438ca2c.jpg','测试标题测试标题测试标题测试标题测试标题测试标\r\n        题测试标题测试标题测试标题测试标题测试标题测试标题测试标题测试标题测试标题测试标题测试标题测试标题测试标题测试标题测试标题测试标题测试标题测试标题测试标题测试标题测试标题\r\n        测试标题测试标题测试标题测试标题测试标题测试标题测试标题测试标题测试标题测试标题测试标题测试标题测试标题测试标题测试标题测试标题测试标题测试标题测试标题测试标题测试标\r\n        题测试标题测试标题',1503884918,'aaa',345,1),(26,'测试标题','测试标题','测试标题测试标题测试标题测试标题','/uploads/99412d460b3cfae95e809e5ba438ca2c.jpg','测试标题测试标题测试标题测试标题测试标题测试标\r\n        题测试标题测试标题测试标题测试标题测试标题测试标题测试标题测试标题测试标题测试标题测试标题测试标题测试标题测试标题测试标题测试标题测试标题测试标题测试标题测试标题测试标题\r\n        测试标题测试标题测试标题测试标题测试标题测试标题测试标题测试标题测试标题测试标题测试标题测试标题测试标题测试标题测试标题测试标题测试标题测试标题测试标题测试标题测试标\r\n        题测试标题测试标题',1503884918,'aaa',345,1),(27,'测试标题','测试标题','测试标题测试标题测试标题测试标题','/uploads/99412d460b3cfae95e809e5ba438ca2c.jpg','测试标题测试标题测试标题测试标题测试标题测试标\r\n        题测试标题测试标题测试标题测试标题测试标题测试标题测试标题测试标题测试标题测试标题测试标题测试标题测试标题测试标题测试标题测试标题测试标题测试标题测试标题测试标题测试标题\r\n        测试标题测试标题测试标题测试标题测试标题测试标题测试标题测试标题测试标题测试标题测试标题测试标题测试标题测试标题测试标题测试标题测试标题测试标题测试标题测试标题测试标\r\n        题测试标题测试标题',1503884918,'aaa',345,1),(28,'测试标题','测试标题','测试标题测试标题测试标题测试标题','/uploads/99412d460b3cfae95e809e5ba438ca2c.jpg','测试标题测试标题测试标题测试标题测试标题测试标\r\n        题测试标题测试标题测试标题测试标题测试标题测试标题测试标题测试标题测试标题测试标题测试标题测试标题测试标题测试标题测试标题测试标题测试标题测试标题测试标题测试标题测试标题\r\n        测试标题测试标题测试标题测试标题测试标题测试标题测试标题测试标题测试标题测试标题测试标题测试标题测试标题测试标题测试标题测试标题测试标题测试标题测试标题测试标题测试标\r\n        题测试标题测试标题',1503884918,'aaa',346,1),(29,'测试标题','测试标题','测试标题测试标题测试标题测试标题','/uploads/99412d460b3cfae95e809e5ba438ca2c.jpg','测试标题测试标题测试标题测试标题测试标题测试标\r\n        题测试标题测试标题测试标题测试标题测试标题测试标题测试标题测试标题测试标题测试标题测试标题测试标题测试标题测试标题测试标题测试标题测试标题测试标题测试标题测试标题测试标题\r\n        测试标题测试标题测试标题测试标题测试标题测试标题测试标题测试标题测试标题测试标题测试标题测试标题测试标题测试标题测试标题测试标题测试标题测试标题测试标题测试标题测试标\r\n        题测试标题测试标题',1503884918,'aaa',345,1),(30,'测试标题','测试标题','测试标题测试标题测试标题测试标题','/uploads/99412d460b3cfae95e809e5ba438ca2c.jpg','测试标题测试标题测试标题测试标题测试标题测试标\r\n        题测试标题测试标题测试标题测试标题测试标题测试标题测试标题测试标题测试标题测试标题测试标题测试标题测试标题测试标题测试标题测试标题测试标题测试标题测试标题测试标题测试标题\r\n        测试标题测试标题测试标题测试标题测试标题测试标题测试标题测试标题测试标题测试标题测试标题测试标题测试标题测试标题测试标题测试标题测试标题测试标题测试标题测试标题测试标\r\n        题测试标题测试标题',1503884918,'aaa',3453,1),(31,'测试标题','测试标题','测试标题测试标题测试标题测试标题','/uploads/99412d460b3cfae95e809e5ba438ca2c.jpg','测试标题测试标题测试标题测试标题测试标题测试标\r\n        题测试标题测试标题测试标题测试标题测试标题测试标题测试标题测试标题测试标题测试标题测试标题测试标题测试标题测试标题测试标题测试标题测试标题测试标题测试标题测试标题测试标题\r\n        测试标题测试标题测试标题测试标题测试标题测试标题测试标题测试标题测试标题测试标题测试标题测试标题测试标题测试标题测试标题测试标题测试标题测试标题测试标题测试标题测试标\r\n        题测试标题测试标题',1503884918,'aaa',45345,1),(32,'测试标题','测试标题','测试标题测试标题测试标题测试标题','/uploads/99412d460b3cfae95e809e5ba438ca2c.jpg','测试标题测试标题测试标题测试标题测试标题测试标\r\n        题测试标题测试标题测试标题测试标题测试标题测试标题测试标题测试标题测试标题测试标题测试标题测试标题测试标题测试标题测试标题测试标题测试标题测试标题测试标题测试标题测试标题\r\n        测试标题测试标题测试标题测试标题测试标题测试标题测试标题测试标题测试标题测试标题测试标题测试标题测试标题测试标题测试标题测试标题测试标题测试标题测试标题测试标题测试标\r\n        题测试标题测试标题',1503884918,'aaa',345,1),(33,'测试标题','测试标题','测试标题测试标题测试标题测试标题','/uploads/99412d460b3cfae95e809e5ba438ca2c.jpg','测试标题测试标题测试标题测试标题测试标题测试标\r\n        题测试标题测试标题测试标题测试标题测试标题测试标题测试标题测试标题测试标题测试标题测试标题测试标题测试标题测试标题测试标题测试标题测试标题测试标题测试标题测试标题测试标题\r\n        测试标题测试标题测试标题测试标题测试标题测试标题测试标题测试标题测试标题测试标题测试标题测试标题测试标题测试标题测试标题测试标题测试标题测试标题测试标题测试标题测试标\r\n        题测试标题测试标题',1503884918,'aaa',345345,1),(34,'测试标题','测试标题','测试标题测试标题测试标题测试标题','/uploads/99412d460b3cfae95e809e5ba438ca2c.jpg','测试标题测试标题测试标题测试标题测试标题测试标\r\n        题测试标题测试标题测试标题测试标题测试标题测试标题测试标题测试标题测试标题测试标题测试标题测试标题测试标题测试标题测试标题测试标题测试标题测试标题测试标题测试标题测试标题\r\n        测试标题测试标题测试标题测试标题测试标题测试标题测试标题测试标题测试标题测试标题测试标题测试标题测试标题测试标题测试标题测试标题测试标题测试标题测试标题测试标题测试标\r\n        题测试标题测试标题',1503884918,'aaa',345,1),(35,'测试标题','测试标题','测试标题测试标题测试标题测试标题','/uploads/99412d460b3cfae95e809e5ba438ca2c.jpg','测试标题测试标题测试标题测试标题测试标题测试标\r\n        题测试标题测试标题测试标题测试标题测试标题测试标题测试标题测试标题测试标题测试标题测试标题测试标题测试标题测试标题测试标题测试标题测试标题测试标题测试标题测试标题测试标题\r\n        测试标题测试标题测试标题测试标题测试标题测试标题测试标题测试标题测试标题测试标题测试标题测试标题测试标题测试标题测试标题测试标题测试标题测试标题测试标题测试标题测试标\r\n        题测试标题测试标题',1503884918,'aaa',345,1),(36,'测试标题','测试标题','测试标题测试标题测试标题测试标题','/uploads/99412d460b3cfae95e809e5ba438ca2c.jpg','测试标题测试标题测试标题测试标题测试标题测试标\r\n        题测试标题测试标题测试标题测试标题测试标题测试标题测试标题测试标题测试标题测试标题测试标题测试标题测试标题测试标题测试标题测试标题测试标题测试标题测试标题测试标题测试标题\r\n        测试标题测试标题测试标题测试标题测试标题测试标题测试标题测试标题测试标题测试标题测试标题测试标题测试标题测试标题测试标题测试标题测试标题测试标题测试标题测试标题测试标\r\n        题测试标题测试标题',1503884918,'aaa',334545,1),(37,'测试标题','测试标题','测试标题测试标题测试标题测试标题','/uploads/99412d460b3cfae95e809e5ba438ca2c.jpg','测试标题测试标题测试标题测试标题测试标题测试标\r\n        题测试标题测试标题测试标题测试标题测试标题测试标题测试标题测试标题测试标题测试标题测试标题测试标题测试标题测试标题测试标题测试标题测试标题测试标题测试标题测试标题测试标题\r\n        测试标题测试标题测试标题测试标题测试标题测试标题测试标题测试标题测试标题测试标题测试标题测试标题测试标题测试标题测试标题测试标题测试标题测试标题测试标题测试标题测试标\r\n        题测试标题测试标题',1503884918,'aaa',435,1),(38,'测试标题','测试标题','测试标题测试标题测试标题测试标题','/uploads/99412d460b3cfae95e809e5ba438ca2c.jpg','测试标题测试标题测试标题测试标题测试标题测试标\r\n        题测试标题测试标题测试标题测试标题测试标题测试标题测试标题测试标题测试标题测试标题测试标题测试标题测试标题测试标题测试标题测试标题测试标题测试标题测试标题测试标题测试标题\r\n        测试标题测试标题测试标题测试标题测试标题测试标题测试标题测试标题测试标题测试标题测试标题测试标题测试标题测试标题测试标题测试标题测试标题测试标题测试标题测试标题测试标\r\n        题测试标题测试标题',1503884918,'aaa',43,1),(39,'测试标题','测试标题','测试标题测试标题测试标题测试标题','/uploads/99412d460b3cfae95e809e5ba438ca2c.jpg','测试标题测试标题测试标题测试标题测试标题测试标\r\n        题测试标题测试标题测试标题测试标题测试标题测试标题测试标题测试标题测试标题测试标题测试标题测试标题测试标题测试标题测试标题测试标题测试标题测试标题测试标题测试标题测试标题\r\n        测试标题测试标题测试标题测试标题测试标题测试标题测试标题测试标题测试标题测试标题测试标题测试标题测试标题测试标题测试标题测试标题测试标题测试标题测试标题测试标题测试标\r\n        题测试标题测试标题',1503884918,'aaa',345,1),(40,'测试标题','测试标题','测试标题测试标题测试标题测试标题','/uploads/99412d460b3cfae95e809e5ba438ca2c.jpg','测试标题测试标题测试标题测试标题测试标题测试标\r\n        题测试标题测试标题测试标题测试标题测试标题测试标题测试标题测试标题测试标题测试标题测试标题测试标题测试标题测试标题测试标题测试标题测试标题测试标题测试标题测试标题测试标题\r\n        测试标题测试标题测试标题测试标题测试标题测试标题测试标题测试标题测试标题测试标题测试标题测试标题测试标题测试标题测试标题测试标题测试标题测试标题测试标题测试标题测试标\r\n        题测试标题测试标题',1503884918,'aaa',345,1),(41,'测试标题','测试标题','测试标题测试标题测试标题测试标题','/uploads/99412d460b3cfae95e809e5ba438ca2c.jpg','测试标题测试标题测试标题测试标题测试标题测试标\r\n        题测试标题测试标题测试标题测试标题测试标题测试标题测试标题测试标题测试标题测试标题测试标题测试标题测试标题测试标题测试标题测试标题测试标题测试标题测试标题测试标题测试标题\r\n        测试标题测试标题测试标题测试标题测试标题测试标题测试标题测试标题测试标题测试标题测试标题测试标题测试标题测试标题测试标题测试标题测试标题测试标题测试标题测试标题测试标\r\n        题测试标题测试标题',1503884918,'aaa',8,1),(42,'测试标题','测试标题','测试标题测试标题测试标题测试标题','/uploads/99412d460b3cfae95e809e5ba438ca2c.jpg','测试标题测试标题测试标题测试标题测试标题测试标\r\n        题测试标题测试标题测试标题测试标题测试标题测试标题测试标题测试标题测试标题测试标题测试标题测试标题测试标题测试标题测试标题测试标题测试标题测试标题测试标题测试标题测试标题\r\n        测试标题测试标题测试标题测试标题测试标题测试标题测试标题测试标题测试标题测试标题测试标题测试标题测试标题测试标题测试标题测试标题测试标题测试标题测试标题测试标题测试标\r\n        题测试标题测试标题',1503884918,'aaa',58,1),(43,'测试标题','测试标题','测试标题测试标题测试标题测试标题','/uploads/99412d460b3cfae95e809e5ba438ca2c.jpg','测试标题测试标题测试标题测试标题测试标题测试标\r\n        题测试标题测试标题测试标题测试标题测试标题测试标题测试标题测试标题测试标题测试标题测试标题测试标题测试标题测试标题测试标题测试标题测试标题测试标题测试标题测试标题测试标题\r\n        测试标题测试标题测试标题测试标题测试标题测试标题测试标题测试标题测试标题测试标题测试标题测试标题测试标题测试标题测试标题测试标题测试标题测试标题测试标题测试标题测试标\r\n        题测试标题测试标题',1503884918,'aaa',0,1),(44,'测试标题','测试标题','测试标题测试标题测试标题测试标题','/uploads/99412d460b3cfae95e809e5ba438ca2c.jpg','测试标题测试标题测试标题测试标题测试标题测试标\r\n        题测试标题测试标题测试标题测试标题测试标题测试标题测试标题测试标题测试标题测试标题测试标题测试标题测试标题测试标题测试标题测试标题测试标题测试标题测试标题测试标题测试标题\r\n        测试标题测试标题测试标题测试标题测试标题测试标题测试标题测试标题测试标题测试标题测试标题测试标题测试标题测试标题测试标题测试标题测试标题测试标题测试标题测试标题测试标\r\n        题测试标题测试标题',1503884918,'aaa',0,1),(45,'测试标题','测试标题','测试标题测试标题测试标题测试标题','/uploads/99412d460b3cfae95e809e5ba438ca2c.jpg','测试标题测试标题测试标题测试标题测试标题测试标\r\n        题测试标题测试标题测试标题测试标题测试标题测试标题测试标题测试标题测试标题测试标题测试标题测试标题测试标题测试标题测试标题测试标题测试标题测试标题测试标题测试标题测试标题\r\n        测试标题测试标题测试标题测试标题测试标题测试标题测试标题测试标题测试标题测试标题测试标题测试标题测试标题测试标题测试标题测试标题测试标题测试标题测试标题测试标题测试标\r\n        题测试标题测试标题',1503884918,'aaa',0,1),(46,'测试标题','测试标题','测试标题测试标题测试标题测试标题','/uploads/99412d460b3cfae95e809e5ba438ca2c.jpg','测试标题测试标题测试标题测试标题测试标题测试标\r\n        题测试标题测试标题测试标题测试标题测试标题测试标题测试标题测试标题测试标题测试标题测试标题测试标题测试标题测试标题测试标题测试标题测试标题测试标题测试标题测试标题测试标题\r\n        测试标题测试标题测试标题测试标题测试标题测试标题测试标题测试标题测试标题测试标题测试标题测试标题测试标题测试标题测试标题测试标题测试标题测试标题测试标题测试标题测试标\r\n        题测试标题测试标题',1503884918,'aaa',0,1),(47,'测试标题','测试标题','测试标题测试标题测试标题测试标题','/uploads/99412d460b3cfae95e809e5ba438ca2c.jpg','测试标题测试标题测试标题测试标题测试标题测试标\r\n        题测试标题测试标题测试标题测试标题测试标题测试标题测试标题测试标题测试标题测试标题测试标题测试标题测试标题测试标题测试标题测试标题测试标题测试标题测试标题测试标题测试标题\r\n        测试标题测试标题测试标题测试标题测试标题测试标题测试标题测试标题测试标题测试标题测试标题测试标题测试标题测试标题测试标题测试标题测试标题测试标题测试标题测试标题测试标\r\n        题测试标题测试标题',1503884918,'aaa',0,1),(48,'测试标题','测试标题','测试标题测试标题测试标题测试标题','/uploads/99412d460b3cfae95e809e5ba438ca2c.jpg','测试标题测试标题测试标题测试标题测试标题测试标\r\n        题测试标题测试标题测试标题测试标题测试标题测试标题测试标题测试标题测试标题测试标题测试标题测试标题测试标题测试标题测试标题测试标题测试标题测试标题测试标题测试标题测试标题\r\n        测试标题测试标题测试标题测试标题测试标题测试标题测试标题测试标题测试标题测试标题测试标题测试标题测试标题测试标题测试标题测试标题测试标题测试标题测试标题测试标题测试标\r\n        题测试标题测试标题',1503884918,'aaa',0,1),(49,'测试标题','测试标题','测试标题测试标题测试标题测试标题','/uploads/99412d460b3cfae95e809e5ba438ca2c.jpg','测试标题测试标题测试标题测试标题测试标题测试标\r\n        题测试标题测试标题测试标题测试标题测试标题测试标题测试标题测试标题测试标题测试标题测试标题测试标题测试标题测试标题测试标题测试标题测试标题测试标题测试标题测试标题测试标题\r\n        测试标题测试标题测试标题测试标题测试标题测试标题测试标题测试标题测试标题测试标题测试标题测试标题测试标题测试标题测试标题测试标题测试标题测试标题测试标题测试标题测试标\r\n        题测试标题测试标题',1503884918,'aaa',0,1),(50,'测试标题','测试标题','测试标题测试标题测试标题测试标题','/uploads/99412d460b3cfae95e809e5ba438ca2c.jpg','测试标题测试标题测试标题测试标题测试标题测试标\r\n        题测试标题测试标题测试标题测试标题测试标题测试标题测试标题测试标题测试标题测试标题测试标题测试标题测试标题测试标题测试标题测试标题测试标题测试标题测试标题测试标题测试标题\r\n        测试标题测试标题测试标题测试标题测试标题测试标题测试标题测试标题测试标题测试标题测试标题测试标题测试标题测试标题测试标题测试标题测试标题测试标题测试标题测试标题测试标\r\n        题测试标题测试标题',1503884918,'aaa',0,1),(51,'测试标题','测试标题','测试标题测试标题测试标题测试标题','/uploads/99412d460b3cfae95e809e5ba438ca2c.jpg','测试标题测试标题测试标题测试标题测试标题测试标\r\n        题测试标题测试标题测试标题测试标题测试标题测试标题测试标题测试标题测试标题测试标题测试标题测试标题测试标题测试标题测试标题测试标题测试标题测试标题测试标题测试标题测试标题\r\n        测试标题测试标题测试标题测试标题测试标题测试标题测试标题测试标题测试标题测试标题测试标题测试标题测试标题测试标题测试标题测试标题测试标题测试标题测试标题测试标题测试标\r\n        题测试标题测试标题',1503884918,'aaa',0,1),(52,'测试标题','测试标题','测试标题测试标题测试标题测试标题','/uploads/99412d460b3cfae95e809e5ba438ca2c.jpg','测试标题测试标题测试标题测试标题测试标题测试标\r\n        题测试标题测试标题测试标题测试标题测试标题测试标题测试标题测试标题测试标题测试标题测试标题测试标题测试标题测试标题测试标题测试标题测试标题测试标题测试标题测试标题测试标题\r\n        测试标题测试标题测试标题测试标题测试标题测试标题测试标题测试标题测试标题测试标题测试标题测试标题测试标题测试标题测试标题测试标题测试标题测试标题测试标题测试标题测试标\r\n        题测试标题测试标题',1503884918,'aaa',0,1),(53,'测试标题','测试标题','测试标题测试标题测试标题测试标题','/uploads/99412d460b3cfae95e809e5ba438ca2c.jpg','测试标题测试标题测试标题测试标题测试标题测试标\r\n        题测试标题测试标题测试标题测试标题测试标题测试标题测试标题测试标题测试标题测试标题测试标题测试标题测试标题测试标题测试标题测试标题测试标题测试标题测试标题测试标题测试标题\r\n        测试标题测试标题测试标题测试标题测试标题测试标题测试标题测试标题测试标题测试标题测试标题测试标题测试标题测试标题测试标题测试标题测试标题测试标题测试标题测试标题测试标\r\n        题测试标题测试标题',1503884918,'aaa',0,1),(54,'测试标题','测试标题','测试标题测试标题测试标题测试标题','/uploads/99412d460b3cfae95e809e5ba438ca2c.jpg','测试标题测试标题测试标题测试标题测试标题测试标\r\n        题测试标题测试标题测试标题测试标题测试标题测试标题测试标题测试标题测试标题测试标题测试标题测试标题测试标题测试标题测试标题测试标题测试标题测试标题测试标题测试标题测试标题\r\n        测试标题测试标题测试标题测试标题测试标题测试标题测试标题测试标题测试标题测试标题测试标题测试标题测试标题测试标题测试标题测试标题测试标题测试标题测试标题测试标题测试标\r\n        题测试标题测试标题',1503884918,'aaa',0,1),(55,'测试标题','测试标题','测试标题测试标题测试标题测试标题','/uploads/99412d460b3cfae95e809e5ba438ca2c.jpg','测试标题测试标题测试标题测试标题测试标题测试标\r\n        题测试标题测试标题测试标题测试标题测试标题测试标题测试标题测试标题测试标题测试标题测试标题测试标题测试标题测试标题测试标题测试标题测试标题测试标题测试标题测试标题测试标题\r\n        测试标题测试标题测试标题测试标题测试标题测试标题测试标题测试标题测试标题测试标题测试标题测试标题测试标题测试标题测试标题测试标题测试标题测试标题测试标题测试标题测试标\r\n        题测试标题测试标题',1503884918,'aaa',0,1),(56,'测试标题','测试标题','测试标题测试标题测试标题测试标题','/uploads/99412d460b3cfae95e809e5ba438ca2c.jpg','测试标题测试标题测试标题测试标题测试标题测试标\r\n        题测试标题测试标题测试标题测试标题测试标题测试标题测试标题测试标题测试标题测试标题测试标题测试标题测试标题测试标题测试标题测试标题测试标题测试标题测试标题测试标题测试标题\r\n        测试标题测试标题测试标题测试标题测试标题测试标题测试标题测试标题测试标题测试标题测试标题测试标题测试标题测试标题测试标题测试标题测试标题测试标题测试标题测试标题测试标\r\n        题测试标题测试标题',1503884918,'aaa',0,1),(57,'测试标题','测试标题','测试标题测试标题测试标题测试标题','/uploads/99412d460b3cfae95e809e5ba438ca2c.jpg','测试标题测试标题测试标题测试标题测试标题测试标\r\n        题测试标题测试标题测试标题测试标题测试标题测试标题测试标题测试标题测试标题测试标题测试标题测试标题测试标题测试标题测试标题测试标题测试标题测试标题测试标题测试标题测试标题\r\n        测试标题测试标题测试标题测试标题测试标题测试标题测试标题测试标题测试标题测试标题测试标题测试标题测试标题测试标题测试标题测试标题测试标题测试标题测试标题测试标题测试标\r\n        题测试标题测试标题',1503884918,'aaa',0,1),(58,'测试标题','测试标题','测试标题测试标题测试标题测试标题','/uploads/99412d460b3cfae95e809e5ba438ca2c.jpg','测试标题测试标题测试标题测试标题测试标题测试标\r\n        题测试标题测试标题测试标题测试标题测试标题测试标题测试标题测试标题测试标题测试标题测试标题测试标题测试标题测试标题测试标题测试标题测试标题测试标题测试标题测试标题测试标题\r\n        测试标题测试标题测试标题测试标题测试标题测试标题测试标题测试标题测试标题测试标题测试标题测试标题测试标题测试标题测试标题测试标题测试标题测试标题测试标题测试标题测试标\r\n        题测试标题测试标题',1503884918,'aaa',0,1),(59,'测试标题','测试标题','测试标题测试标题测试标题测试标题','/uploads/99412d460b3cfae95e809e5ba438ca2c.jpg','测试标题测试标题测试标题测试标题测试标题测试标\r\n        题测试标题测试标题测试标题测试标题测试标题测试标题测试标题测试标题测试标题测试标题测试标题测试标题测试标题测试标题测试标题测试标题测试标题测试标题测试标题测试标题测试标题\r\n        测试标题测试标题测试标题测试标题测试标题测试标题测试标题测试标题测试标题测试标题测试标题测试标题测试标题测试标题测试标题测试标题测试标题测试标题测试标题测试标题测试标\r\n        题测试标题测试标题',1503884918,'aaa',0,1),(60,'测试标题','测试标题','测试标题测试标题测试标题测试标题','/uploads/99412d460b3cfae95e809e5ba438ca2c.jpg','测试标题测试标题测试标题测试标题测试标题测试标\r\n        题测试标题测试标题测试标题测试标题测试标题测试标题测试标题测试标题测试标题测试标题测试标题测试标题测试标题测试标题测试标题测试标题测试标题测试标题测试标题测试标题测试标题\r\n        测试标题测试标题测试标题测试标题测试标题测试标题测试标题测试标题测试标题测试标题测试标题测试标题测试标题测试标题测试标题测试标题测试标题测试标题测试标题测试标题测试标\r\n        题测试标题测试标题',1503884918,'aaa',0,1),(61,'测试标题','测试标题','测试标题测试标题测试标题测试标题','/uploads/99412d460b3cfae95e809e5ba438ca2c.jpg','测试标题测试标题测试标题测试标题测试标题测试标\r\n        题测试标题测试标题测试标题测试标题测试标题测试标题测试标题测试标题测试标题测试标题测试标题测试标题测试标题测试标题测试标题测试标题测试标题测试标题测试标题测试标题测试标题\r\n        测试标题测试标题测试标题测试标题测试标题测试标题测试标题测试标题测试标题测试标题测试标题测试标题测试标题测试标题测试标题测试标题测试标题测试标题测试标题测试标题测试标\r\n        题测试标题测试标题',1503884918,'aaa',0,1),(62,'测试标题','测试标题','测试标题测试标题测试标题测试标题','/uploads/99412d460b3cfae95e809e5ba438ca2c.jpg','测试标题测试标题测试标题测试标题测试标题测试标\r\n        题测试标题测试标题测试标题测试标题测试标题测试标题测试标题测试标题测试标题测试标题测试标题测试标题测试标题测试标题测试标题测试标题测试标题测试标题测试标题测试标题测试标题\r\n        测试标题测试标题测试标题测试标题测试标题测试标题测试标题测试标题测试标题测试标题测试标题测试标题测试标题测试标题测试标题测试标题测试标题测试标题测试标题测试标题测试标\r\n        题测试标题测试标题',1503884918,'aaa',0,1),(63,'测试标题','测试标题','测试标题测试标题测试标题测试标题','/uploads/99412d460b3cfae95e809e5ba438ca2c.jpg','测试标题测试标题测试标题测试标题测试标题测试标\r\n        题测试标题测试标题测试标题测试标题测试标题测试标题测试标题测试标题测试标题测试标题测试标题测试标题测试标题测试标题测试标题测试标题测试标题测试标题测试标题测试标题测试标题\r\n        测试标题测试标题测试标题测试标题测试标题测试标题测试标题测试标题测试标题测试标题测试标题测试标题测试标题测试标题测试标题测试标题测试标题测试标题测试标题测试标题测试标\r\n        题测试标题测试标题',1503884918,'aaa',0,1),(64,'测试标题','测试标题','测试标题测试标题测试标题测试标题','/uploads/99412d460b3cfae95e809e5ba438ca2c.jpg','测试标题测试标题测试标题测试标题测试标题测试标\r\n        题测试标题测试标题测试标题测试标题测试标题测试标题测试标题测试标题测试标题测试标题测试标题测试标题测试标题测试标题测试标题测试标题测试标题测试标题测试标题测试标题测试标题\r\n        测试标题测试标题测试标题测试标题测试标题测试标题测试标题测试标题测试标题测试标题测试标题测试标题测试标题测试标题测试标题测试标题测试标题测试标题测试标题测试标题测试标\r\n        题测试标题测试标题',1503884918,'aaa',0,1),(65,'测试标题','测试标题','测试标题测试标题测试标题测试标题','/uploads/99412d460b3cfae95e809e5ba438ca2c.jpg','测试标题测试标题测试标题测试标题测试标题测试标\r\n        题测试标题测试标题测试标题测试标题测试标题测试标题测试标题测试标题测试标题测试标题测试标题测试标题测试标题测试标题测试标题测试标题测试标题测试标题测试标题测试标题测试标题\r\n        测试标题测试标题测试标题测试标题测试标题测试标题测试标题测试标题测试标题测试标题测试标题测试标题测试标题测试标题测试标题测试标题测试标题测试标题测试标题测试标题测试标\r\n        题测试标题测试标题',1503884918,'aaa',0,1),(66,'测试标题','测试标题','测试标题测试标题测试标题测试标题','/uploads/99412d460b3cfae95e809e5ba438ca2c.jpg','测试标题测试标题测试标题测试标题测试标题测试标\r\n        题测试标题测试标题测试标题测试标题测试标题测试标题测试标题测试标题测试标题测试标题测试标题测试标题测试标题测试标题测试标题测试标题测试标题测试标题测试标题测试标题测试标题\r\n        测试标题测试标题测试标题测试标题测试标题测试标题测试标题测试标题测试标题测试标题测试标题测试标题测试标题测试标题测试标题测试标题测试标题测试标题测试标题测试标题测试标\r\n        题测试标题测试标题',1503884918,'aaa',0,1),(67,'测试标题','测试标题','测试标题测试标题测试标题测试标题','/uploads/99412d460b3cfae95e809e5ba438ca2c.jpg','测试标题测试标题测试标题测试标题测试标题测试标\r\n        题测试标题测试标题测试标题测试标题测试标题测试标题测试标题测试标题测试标题测试标题测试标题测试标题测试标题测试标题测试标题测试标题测试标题测试标题测试标题测试标题测试标题\r\n        测试标题测试标题测试标题测试标题测试标题测试标题测试标题测试标题测试标题测试标题测试标题测试标题测试标题测试标题测试标题测试标题测试标题测试标题测试标题测试标题测试标\r\n        题测试标题测试标题',1503884918,'aaa',0,1),(68,'测试标题','测试标题','测试标题测试标题测试标题测试标题','/uploads/99412d460b3cfae95e809e5ba438ca2c.jpg','测试标题测试标题测试标题测试标题测试标题测试标\r\n        题测试标题测试标题测试标题测试标题测试标题测试标题测试标题测试标题测试标题测试标题测试标题测试标题测试标题测试标题测试标题测试标题测试标题测试标题测试标题测试标题测试标题\r\n        测试标题测试标题测试标题测试标题测试标题测试标题测试标题测试标题测试标题测试标题测试标题测试标题测试标题测试标题测试标题测试标题测试标题测试标题测试标题测试标题测试标\r\n        题测试标题测试标题',1503884918,'aaa',0,1),(69,'测试标题','测试标题','测试标题测试标题测试标题测试标题','/uploads/99412d460b3cfae95e809e5ba438ca2c.jpg','测试标题测试标题测试标题测试标题测试标题测试标\r\n        题测试标题测试标题测试标题测试标题测试标题测试标题测试标题测试标题测试标题测试标题测试标题测试标题测试标题测试标题测试标题测试标题测试标题测试标题测试标题测试标题测试标题\r\n        测试标题测试标题测试标题测试标题测试标题测试标题测试标题测试标题测试标题测试标题测试标题测试标题测试标题测试标题测试标题测试标题测试标题测试标题测试标题测试标题测试标\r\n        题测试标题测试标题',1503884918,'aaa',0,1),(70,'测试标题','测试标题','测试标题测试标题测试标题测试标题','/uploads/99412d460b3cfae95e809e5ba438ca2c.jpg','测试标题测试标题测试标题测试标题测试标题测试标\r\n        题测试标题测试标题测试标题测试标题测试标题测试标题测试标题测试标题测试标题测试标题测试标题测试标题测试标题测试标题测试标题测试标题测试标题测试标题测试标题测试标题测试标题\r\n        测试标题测试标题测试标题测试标题测试标题测试标题测试标题测试标题测试标题测试标题测试标题测试标题测试标题测试标题测试标题测试标题测试标题测试标题测试标题测试标题测试标\r\n        题测试标题测试标题',1503884918,'aaa',0,1),(71,'测试标题','测试标题','测试标题测试标题测试标题测试标题','/uploads/99412d460b3cfae95e809e5ba438ca2c.jpg','测试标题测试标题测试标题测试标题测试标题测试标\r\n        题测试标题测试标题测试标题测试标题测试标题测试标题测试标题测试标题测试标题测试标题测试标题测试标题测试标题测试标题测试标题测试标题测试标题测试标题测试标题测试标题测试标题\r\n        测试标题测试标题测试标题测试标题测试标题测试标题测试标题测试标题测试标题测试标题测试标题测试标题测试标题测试标题测试标题测试标题测试标题测试标题测试标题测试标题测试标\r\n        题测试标题测试标题',1503884918,'aaa',0,1),(72,'测试标题','测试标题','测试标题测试标题测试标题测试标题','/uploads/99412d460b3cfae95e809e5ba438ca2c.jpg','测试标题测试标题测试标题测试标题测试标题测试标\r\n        题测试标题测试标题测试标题测试标题测试标题测试标题测试标题测试标题测试标题测试标题测试标题测试标题测试标题测试标题测试标题测试标题测试标题测试标题测试标题测试标题测试标题\r\n        测试标题测试标题测试标题测试标题测试标题测试标题测试标题测试标题测试标题测试标题测试标题测试标题测试标题测试标题测试标题测试标题测试标题测试标题测试标题测试标题测试标\r\n        题测试标题测试标题',1503884918,'aaa',0,1),(73,'测试标题','测试标题','测试标题测试标题测试标题测试标题','/uploads/99412d460b3cfae95e809e5ba438ca2c.jpg','测试标题测试标题测试标题测试标题测试标题测试标\r\n        题测试标题测试标题测试标题测试标题测试标题测试标题测试标题测试标题测试标题测试标题测试标题测试标题测试标题测试标题测试标题测试标题测试标题测试标题测试标题测试标题测试标题\r\n        测试标题测试标题测试标题测试标题测试标题测试标题测试标题测试标题测试标题测试标题测试标题测试标题测试标题测试标题测试标题测试标题测试标题测试标题测试标题测试标题测试标\r\n        题测试标题测试标题',1503884918,'aaa',0,1),(74,'测试标题','测试标题','测试标题测试标题测试标题测试标题','/uploads/99412d460b3cfae95e809e5ba438ca2c.jpg','测试标题测试标题测试标题测试标题测试标题测试标\r\n        题测试标题测试标题测试标题测试标题测试标题测试标题测试标题测试标题测试标题测试标题测试标题测试标题测试标题测试标题测试标题测试标题测试标题测试标题测试标题测试标题测试标题\r\n        测试标题测试标题测试标题测试标题测试标题测试标题测试标题测试标题测试标题测试标题测试标题测试标题测试标题测试标题测试标题测试标题测试标题测试标题测试标题测试标题测试标\r\n        题测试标题测试标题',1503884918,'aaa',0,1),(75,'测试标题','测试标题','测试标题测试标题测试标题测试标题','/uploads/99412d460b3cfae95e809e5ba438ca2c.jpg','测试标题测试标题测试标题测试标题测试标题测试标\r\n        题测试标题测试标题测试标题测试标题测试标题测试标题测试标题测试标题测试标题测试标题测试标题测试标题测试标题测试标题测试标题测试标题测试标题测试标题测试标题测试标题测试标题\r\n        测试标题测试标题测试标题测试标题测试标题测试标题测试标题测试标题测试标题测试标题测试标题测试标题测试标题测试标题测试标题测试标题测试标题测试标题测试标题测试标题测试标\r\n        题测试标题测试标题',1503884918,'aaa',0,1),(76,'测试标题','测试标题','测试标题测试标题测试标题测试标题','/uploads/99412d460b3cfae95e809e5ba438ca2c.jpg','测试标题测试标题测试标题测试标题测试标题测试标\r\n        题测试标题测试标题测试标题测试标题测试标题测试标题测试标题测试标题测试标题测试标题测试标题测试标题测试标题测试标题测试标题测试标题测试标题测试标题测试标题测试标题测试标题\r\n        测试标题测试标题测试标题测试标题测试标题测试标题测试标题测试标题测试标题测试标题测试标题测试标题测试标题测试标题测试标题测试标题测试标题测试标题测试标题测试标题测试标\r\n        题测试标题测试标题',1503884918,'aaa',0,1),(77,'测试标题','测试标题','测试标题测试标题测试标题测试标题','/uploads/99412d460b3cfae95e809e5ba438ca2c.jpg','测试标题测试标题测试标题测试标题测试标题测试标\r\n        题测试标题测试标题测试标题测试标题测试标题测试标题测试标题测试标题测试标题测试标题测试标题测试标题测试标题测试标题测试标题测试标题测试标题测试标题测试标题测试标题测试标题\r\n        测试标题测试标题测试标题测试标题测试标题测试标题测试标题测试标题测试标题测试标题测试标题测试标题测试标题测试标题测试标题测试标题测试标题测试标题测试标题测试标题测试标\r\n        题测试标题测试标题',1503884918,'aaa',0,1),(78,'测试标题','测试标题','测试标题测试标题测试标题测试标题','/uploads/99412d460b3cfae95e809e5ba438ca2c.jpg','测试标题测试标题测试标题测试标题测试标题测试标\r\n        题测试标题测试标题测试标题测试标题测试标题测试标题测试标题测试标题测试标题测试标题测试标题测试标题测试标题测试标题测试标题测试标题测试标题测试标题测试标题测试标题测试标题\r\n        测试标题测试标题测试标题测试标题测试标题测试标题测试标题测试标题测试标题测试标题测试标题测试标题测试标题测试标题测试标题测试标题测试标题测试标题测试标题测试标题测试标\r\n        题测试标题测试标题',1503884918,'aaa',0,1),(79,'测试标题','测试标题','测试标题测试标题测试标题测试标题','/uploads/99412d460b3cfae95e809e5ba438ca2c.jpg','测试标题测试标题测试标题测试标题测试标题测试标\r\n        题测试标题测试标题测试标题测试标题测试标题测试标题测试标题测试标题测试标题测试标题测试标题测试标题测试标题测试标题测试标题测试标题测试标题测试标题测试标题测试标题测试标题\r\n        测试标题测试标题测试标题测试标题测试标题测试标题测试标题测试标题测试标题测试标题测试标题测试标题测试标题测试标题测试标题测试标题测试标题测试标题测试标题测试标题测试标\r\n        题测试标题测试标题',1503884918,'aaa',0,1),(80,'测试标题','测试标题','测试标题测试标题测试标题测试标题','/uploads/99412d460b3cfae95e809e5ba438ca2c.jpg','测试标题测试标题测试标题测试标题测试标题测试标\r\n        题测试标题测试标题测试标题测试标题测试标题测试标题测试标题测试标题测试标题测试标题测试标题测试标题测试标题测试标题测试标题测试标题测试标题测试标题测试标题测试标题测试标题\r\n        测试标题测试标题测试标题测试标题测试标题测试标题测试标题测试标题测试标题测试标题测试标题测试标题测试标题测试标题测试标题测试标题测试标题测试标题测试标题测试标题测试标\r\n        题测试标题测试标题',1503884918,'aaa',0,1),(81,'测试标题','测试标题','测试标题测试标题测试标题测试标题','/uploads/99412d460b3cfae95e809e5ba438ca2c.jpg','测试标题测试标题测试标题测试标题测试标题测试标\r\n        题测试标题测试标题测试标题测试标题测试标题测试标题测试标题测试标题测试标题测试标题测试标题测试标题测试标题测试标题测试标题测试标题测试标题测试标题测试标题测试标题测试标题\r\n        测试标题测试标题测试标题测试标题测试标题测试标题测试标题测试标题测试标题测试标题测试标题测试标题测试标题测试标题测试标题测试标题测试标题测试标题测试标题测试标题测试标\r\n        题测试标题测试标题',1503884918,'aaa',0,1),(82,'测试标题','测试标题','测试标题测试标题测试标题测试标题','/uploads/99412d460b3cfae95e809e5ba438ca2c.jpg','测试标题测试标题测试标题测试标题测试标题测试标\r\n        题测试标题测试标题测试标题测试标题测试标题测试标题测试标题测试标题测试标题测试标题测试标题测试标题测试标题测试标题测试标题测试标题测试标题测试标题测试标题测试标题测试标题\r\n        测试标题测试标题测试标题测试标题测试标题测试标题测试标题测试标题测试标题测试标题测试标题测试标题测试标题测试标题测试标题测试标题测试标题测试标题测试标题测试标题测试标\r\n        题测试标题测试标题',1503884918,'aaa',0,1),(83,'测试标题','测试标题','测试标题测试标题测试标题测试标题','/uploads/99412d460b3cfae95e809e5ba438ca2c.jpg','测试标题测试标题测试标题测试标题测试标题测试标\r\n        题测试标题测试标题测试标题测试标题测试标题测试标题测试标题测试标题测试标题测试标题测试标题测试标题测试标题测试标题测试标题测试标题测试标题测试标题测试标题测试标题测试标题\r\n        测试标题测试标题测试标题测试标题测试标题测试标题测试标题测试标题测试标题测试标题测试标题测试标题测试标题测试标题测试标题测试标题测试标题测试标题测试标题测试标题测试标\r\n        题测试标题测试标题',1503884918,'aaa',0,1),(84,'测试标题','测试标题','测试标题测试标题测试标题测试标题','/uploads/99412d460b3cfae95e809e5ba438ca2c.jpg','测试标题测试标题测试标题测试标题测试标题测试标\r\n        题测试标题测试标题测试标题测试标题测试标题测试标题测试标题测试标题测试标题测试标题测试标题测试标题测试标题测试标题测试标题测试标题测试标题测试标题测试标题测试标题测试标题\r\n        测试标题测试标题测试标题测试标题测试标题测试标题测试标题测试标题测试标题测试标题测试标题测试标题测试标题测试标题测试标题测试标题测试标题测试标题测试标题测试标题测试标\r\n        题测试标题测试标题',1503884918,'aaa',0,1),(85,'测试标题','测试标题','测试标题测试标题测试标题测试标题','/uploads/99412d460b3cfae95e809e5ba438ca2c.jpg','测试标题测试标题测试标题测试标题测试标题测试标\r\n        题测试标题测试标题测试标题测试标题测试标题测试标题测试标题测试标题测试标题测试标题测试标题测试标题测试标题测试标题测试标题测试标题测试标题测试标题测试标题测试标题测试标题\r\n        测试标题测试标题测试标题测试标题测试标题测试标题测试标题测试标题测试标题测试标题测试标题测试标题测试标题测试标题测试标题测试标题测试标题测试标题测试标题测试标题测试标\r\n        题测试标题测试标题',1503884918,'aaa',0,1),(86,'测试标题','测试标题','测试标题测试标题测试标题测试标题','/uploads/99412d460b3cfae95e809e5ba438ca2c.jpg','测试标题测试标题测试标题测试标题测试标题测试标\r\n        题测试标题测试标题测试标题测试标题测试标题测试标题测试标题测试标题测试标题测试标题测试标题测试标题测试标题测试标题测试标题测试标题测试标题测试标题测试标题测试标题测试标题\r\n        测试标题测试标题测试标题测试标题测试标题测试标题测试标题测试标题测试标题测试标题测试标题测试标题测试标题测试标题测试标题测试标题测试标题测试标题测试标题测试标题测试标\r\n        题测试标题测试标题',1503884918,'aaa',0,1),(87,'测试标题','测试标题','测试标题测试标题测试标题测试标题','/uploads/99412d460b3cfae95e809e5ba438ca2c.jpg','测试标题测试标题测试标题测试标题测试标题测试标\r\n        题测试标题测试标题测试标题测试标题测试标题测试标题测试标题测试标题测试标题测试标题测试标题测试标题测试标题测试标题测试标题测试标题测试标题测试标题测试标题测试标题测试标题\r\n        测试标题测试标题测试标题测试标题测试标题测试标题测试标题测试标题测试标题测试标题测试标题测试标题测试标题测试标题测试标题测试标题测试标题测试标题测试标题测试标题测试标\r\n        题测试标题测试标题',1503884918,'aaa',0,1),(88,'测试标题','测试标题','测试标题测试标题测试标题测试标题','/uploads/99412d460b3cfae95e809e5ba438ca2c.jpg','测试标题测试标题测试标题测试标题测试标题测试标\r\n        题测试标题测试标题测试标题测试标题测试标题测试标题测试标题测试标题测试标题测试标题测试标题测试标题测试标题测试标题测试标题测试标题测试标题测试标题测试标题测试标题测试标题\r\n        测试标题测试标题测试标题测试标题测试标题测试标题测试标题测试标题测试标题测试标题测试标题测试标题测试标题测试标题测试标题测试标题测试标题测试标题测试标题测试标题测试标\r\n        题测试标题测试标题',1503884918,'aaa',0,1),(89,'测试标题','测试标题','测试标题测试标题测试标题测试标题','/uploads/99412d460b3cfae95e809e5ba438ca2c.jpg','测试标题测试标题测试标题测试标题测试标题测试标\r\n        题测试标题测试标题测试标题测试标题测试标题测试标题测试标题测试标题测试标题测试标题测试标题测试标题测试标题测试标题测试标题测试标题测试标题测试标题测试标题测试标题测试标题\r\n        测试标题测试标题测试标题测试标题测试标题测试标题测试标题测试标题测试标题测试标题测试标题测试标题测试标题测试标题测试标题测试标题测试标题测试标题测试标题测试标题测试标\r\n        题测试标题测试标题',1503884918,'aaa',0,1),(90,'测试标题','测试标题','测试标题测试标题测试标题测试标题','/uploads/99412d460b3cfae95e809e5ba438ca2c.jpg','测试标题测试标题测试标题测试标题测试标题测试标\r\n        题测试标题测试标题测试标题测试标题测试标题测试标题测试标题测试标题测试标题测试标题测试标题测试标题测试标题测试标题测试标题测试标题测试标题测试标题测试标题测试标题测试标题\r\n        测试标题测试标题测试标题测试标题测试标题测试标题测试标题测试标题测试标题测试标题测试标题测试标题测试标题测试标题测试标题测试标题测试标题测试标题测试标题测试标题测试标\r\n        题测试标题测试标题',1503884918,'aaa',0,1),(91,'测试标题','测试标题','测试标题测试标题测试标题测试标题','/uploads/99412d460b3cfae95e809e5ba438ca2c.jpg','测试标题测试标题测试标题测试标题测试标题测试标\r\n        题测试标题测试标题测试标题测试标题测试标题测试标题测试标题测试标题测试标题测试标题测试标题测试标题测试标题测试标题测试标题测试标题测试标题测试标题测试标题测试标题测试标题\r\n        测试标题测试标题测试标题测试标题测试标题测试标题测试标题测试标题测试标题测试标题测试标题测试标题测试标题测试标题测试标题测试标题测试标题测试标题测试标题测试标题测试标\r\n        题测试标题测试标题',1503884918,'aaa',0,1),(93,'测试标题','测试标题','测试标题测试标题测试标题测试标题','/uploads/99412d460b3cfae95e809e5ba438ca2c.jpg','<p>测试标题测试标题测试标题测试标题测试标题测试标\r\n &nbsp; &nbsp; &nbsp; &nbsp;题测试标题测试标题测试标题测试标题测试标题测试标题测试标题测试标题测试标题测试标题测试标题测试标题测试标题测试标题测试标题测试标题测试标题测试标题测试标题测试标题测试标题\r\n &nbsp; &nbsp; &nbsp; &nbsp;测试标题测试标题测试标题测试标题测试标题测试标题测试标题测试标题测试标题测试标题测试标题测试标题测试标题测试标题测试标题测试标题测试标题测试标题测试标题测试标题测试标\r\n &nbsp; &nbsp; &nbsp; &nbsp;题测试标题测试标题</p>',1503884918,'aaa',0,1),(95,'测试标题','测试标题','测试标题测试标题测试标题测试标题','/uploads/99412d460b3cfae95e809e5ba438ca2c.jpg','<p>测试标题测试标题测试标题测试标题测试标题测试标\r\n &nbsp; &nbsp; &nbsp; &nbsp;题测试标题测试标题测试标题测试标题测试标题测试标题测试标题测试标题测试标题测试标题测试标题测试标题测试标题测试标题测试标题测试标题测试标题测试标题测试标题测试标题测试标题\r\n &nbsp; &nbsp; &nbsp; &nbsp;测试标题测试标题测试标题测试标题测试标题测试标题测试标题测试标题测试标题测试标题测试标题测试标题测试标题测试标题测试标题测试标题测试标题测试标题测试标题测试标题测试标\r\n &nbsp; &nbsp; &nbsp; &nbsp;题测试标题测试标题</p>',1503884918,'aaa',1,1),(105,'国家最大小家最小','国家最大小家最小','国家最大小家最小','/uploads/3e58b33a48877e08d7e3c5c65d40c545.jpg','<p>国家最大小家最小国家最大小家最小</p><p>国家最大小家最小国家最大小家最小国家最大小家最小国家最大小家</p><p>最小国家最大小家最小国家最大小家最小国家最大小家最小国家最大小家最小国家最大小家最小国家最大小家最小国家最大小家最小国家最大小家最小</p>',1504170359,'国家最大小家最小',1000000,35),(106,'老爷车拉货物','老爷车拉货物老爷车拉货物','老爷车拉货物老爷车拉货物老爷车拉货物','/uploads/a64f068b43648f2cbec8ed2fa69c7a37.jpg','<p>老爷车拉货物老爷车拉货物老爷车拉货物老爷车拉货物老爷车拉货物老爷车拉货物老爷车拉货物老爷车拉货物老爷车拉货物老爷车拉货物老爷车拉货物</p>',1504229538,'小强',888891,35),(107,'我在长大','我在长大我在长大我在长大','我在长大我在长大我在长大我在长大9388e47bfd77c2f0ec853b0747b48e84.jpg','/uploads/0fa1fdd36d7f05ab9672b8c1ecf603b6.jpg','<p>我在长大我在长大我在长大我在长大我在长大我在长大我在长大我在长大我在长大我在长大我在长大我在长大我在长大我在长大我在长大我在长大我在长大我在长大我在长大我在长大我在长大我在长大我在长大我在长大我在长大我在长大我在长大我在长大我在长大我在长大我在长大我在长大我在长大我在长大我在长大我在长大我在长大我在长大我在长大我在长大我在长大我在长大我在长大</p>',1504410123,'强哥',777779,29),(113,'公司简介','公司简介','公司简介','/uploads/4e9c90d580d3a3d2ef44bbea3fd11666.jpg','<p>拜尔斯道夫公司Beiersdorf A G（简称BDF）1882年创立于德国汉堡，致力于开发，生产及销售高品质的护肤品，创口贴及胶带等品牌产品。事业体分成三大部份：化妆品事业部（占62%），工业胶带TESA事业部（占17%），医疗用品事业部∶（占21%）。员工近2万人。行销100余国。</p><p>一百多年以来,公司所推崇的“研究,创新,追求高品质”的经营哲学使公司的研发拥有坚实的基础。1911年诞生的油包水专利配方的<a target=\"_blank\" href=\"https://baike.baidu.com/item/%E5%A6%AE%E7%BB%B4%E9%9B%85\" style=\"color: rgb(19, 110, 194); text-decoration-line: none;\">妮维雅</a>润肤霜是公司在化妆品事业部研发的开始。今天,在全球公认的最具权威性的肌肤及医学研究中心—BDF公司的PGU研究中心,有一百多位博士正在研发自然,高效的产品,其成果已使“妮维雅”成为全球最大的护肤用品品牌。其品牌形象 —“妮维雅能给肌肤最温和的呵护”已深入人心.在欧洲,“妮维雅”更已成为皮肤保养的代名词。妮维雅产品在身体保养，脸部保养，防晒，唇部保养，个人清洁，男士护肤等品类已稳居欧洲市场排名第一。2003年8月美国商业周刊杂志公布的最新全球100个最有价值品牌排行榜上，妮维雅品牌名列第92位，品牌价值增长8%。2007年德国拜尔斯道夫出资3.17亿欧元（折合约人民币35亿元），购入丝宝国际集团旗下丝宝日化85%的股份。</p><p>1994年6月8日，Nivea(Shanghai)Co., Ltd.妮维雅(上海)有限公司成立了，当时她是德国拜尔斯道夫公司与上海飞妮丝工贸公司(上海凤凰日用化学有限公司的子公司)的合资企业。 2001年2月，妮维雅(上海)有限公司成为德国拜尔斯道夫公司的独资子公司</p><p><a class=\"lemma-anchor para-title\" style=\"color: rgb(19, 110, 194); position: absolute; top: -50px;\"></a><a class=\"lemma-anchor \" style=\"color: rgb(19, 110, 194); position: absolute; top: -50px;\"></a><a class=\"lemma-anchor \" style=\"color: rgb(19, 110, 194); position: absolute; top: -50px;\"></a></p><h2 class=\"title-text\" style=\"margin: 0px; padding: 0px 8px 0px 18px; font-size: 22px; color: rgb(0, 0, 0); float: left; line-height: 24px; font-weight: 400; background-image: initial; background-position: initial; background-size: initial; background-repeat: initial; background-attachment: initial; background-origin: initial; background-clip: initial;\">拜尔斯道夫公司在中国</h2><p><a class=\"edit-icon j-edit-link\" style=\"color: rgb(136, 136, 136); display: block; float: right; height: 22px; line-height: 22px; padding-left: 24px; font-size: 12px; font-family: SimSun; background-image: initial; background-position: initial; background-size: initial; background-repeat: initial; background-attachment: initial; background-origin: initial; background-clip: initial;\"><span class=\"cmn-icon wiki-lemma-icons wiki-lemma-icons_edit-lemma\" style=\"font-family: baikeFont_layout; -webkit-font-smoothing: antialiased; speak: none; line-height: 1; outline: 0px; margin: 0px 3px 0px 0px; vertical-align: text-bottom; color: rgb(170, 170, 170);\"></span>编辑</a></p><p>自1913年起，拜尔斯道夫便与中国消费者有着悠久的联系。其旗舰品牌妮维雅是中国化妆品市场的知名品牌。除了妮维雅在中国护肤品的业务外，拜尔斯道夫在一年前收购了丝宝日化的多数股权。对于德国拜尔斯道夫集团来讲，丝宝日化业是一个有价值的成员，如同拜尔斯道夫妮维雅上海公司及其品牌妮维雅，丝宝日化旗下四个著名的舒蕾、美涛、顺爽、风影四大品牌在头发护理的细分市场成就了拜尔斯道夫在中国洗护市场的成功。</p><p>BEIERSDORF在华的独资子公司名叫妮维雅（上海）有限公司。成立于1994年。NIVEA在中国的历史可以追溯到1930年。当时蓝听装的妮维雅润肤霜（当时译名为“能维雅”）在中国成为老少皆宜，四季适用，享有很高声誉的护肤品。</p><p>目前，NIVEA在中国已经上市了六大产品系列：脸部保养系列，身体保养系列，润唇护理系列，防晒系列，沐浴系列，男士系列，在中国的销售网络已遍布34 个省，市，自治区，特别关注是在青岛的发展。</p><p>NIVEA进入中国十余年来，市场份额连年攀升，并已成为中国肌肤保养市场的领导品牌之一。</p><p>1995年，Medical事业部在常州成立拜尔斯道夫（常州）有限公司。</p><p><br/></p>',1510668423,'强哥',5,1);
/*!40000 ALTER TABLE `blog_article` ENABLE KEYS */;

#
# Structure for table "blog_category"
#

DROP TABLE IF EXISTS `blog_category`;
CREATE TABLE `blog_category` (
  `cate_id` int(11) NOT NULL AUTO_INCREMENT,
  `cate_name` varchar(50) DEFAULT '0' COMMENT '//分类名称',
  `cate_title` varchar(255) DEFAULT '0' COMMENT '//分类说明',
  `cate_keywords` varchar(255) DEFAULT '0' COMMENT '//关键词',
  `cate_description` varchar(255) DEFAULT '0' COMMENT '//描述',
  `cate_view` int(10) DEFAULT '0' COMMENT '//查看次数',
  `cate_order` tinyint(3) DEFAULT '0' COMMENT '//排序',
  `cate_pid` int(11) DEFAULT '0' COMMENT '//父级id',
  PRIMARY KEY (`cate_id`)
) ENGINE=MyISAM AUTO_INCREMENT=51 DEFAULT CHARSET=utf8 COMMENT='//分类表';

#
# Data for table "blog_category"
#

/*!40000 ALTER TABLE `blog_category` DISABLE KEYS */;
INSERT INTO `blog_category` VALUES (1,'新闻','国内外最新新闻动态','0','0',14,1,0),(2,'体育','专业体育讲解','0','0',5,2,0),(3,'娱乐','娱乐圈内鱼目混杂，女明星如妓女','0','0',6,3,0),(4,'国内外新闻','国内最新热门新闻经典新闻','0',NULL,2,3,1),(5,'军事新闻','最新军事动态','0','0',3,2,1),(6,'体育彩票','国家体育总局体育彩票管理中心官方网站','0','0',2,1,2),(7,'体育直播','NBA直播吧|足球直播|英超直播|CCTV5在线直播|CBA直播|体育直播','0',NULL,0,2,2),(12,'健身娱乐','健身娱乐健身娱乐健身娱乐','健身娱乐健身娱乐健身娱乐','健身娱乐健身娱乐健身娱乐健身娱乐健身娱乐',0,1,3),(13,'儿童娱乐','儿童娱乐儿童娱乐',NULL,NULL,1,2,3),(26,'八卦新闻','八卦新闻八卦新闻八卦新闻八卦新闻八卦新闻','八卦新闻八卦新闻八卦新闻','八卦新闻八卦新闻八卦新闻',0,3,3),(28,'网络约车','网络约车网络约车网络约车','网络约车网络约车网络约车网络约车网络约车','2123',4,3,0),(29,'滴滴打车','滴滴打车','滴滴打车滴滴打车','滴滴打车滴滴打车滴滴打车',0,1,28),(30,'蚂蚁拼车','蚂蚁拼车蚂蚁拼车蚂蚁拼车','蚂蚁拼车蚂蚁拼车蚂蚁拼车','蚂蚁拼车蚂蚁拼车蚂蚁拼车蚂蚁拼车',0,2,28),(35,'百姓新闻','百姓新闻百姓新闻','百姓新闻百姓新闻百姓新闻','百姓新闻百姓新闻百姓新闻',2,0,1);
/*!40000 ALTER TABLE `blog_category` ENABLE KEYS */;

#
# Structure for table "blog_config"
#

DROP TABLE IF EXISTS `blog_config`;
CREATE TABLE `blog_config` (
  `conf_id` int(11) NOT NULL AUTO_INCREMENT,
  `conf_title` varchar(50) DEFAULT NULL COMMENT '//标题',
  `conf_name` varchar(50) DEFAULT NULL COMMENT '//名字',
  `conf_content` text COMMENT '//内容',
  `conf_order` int(11) DEFAULT NULL COMMENT '//排序',
  `conf_tips` varchar(255) DEFAULT NULL COMMENT '//描述',
  `field_type` varchar(50) DEFAULT NULL COMMENT '//类型',
  `field_value` varchar(255) DEFAULT NULL COMMENT '//字段值',
  PRIMARY KEY (`conf_id`)
) ENGINE=MyISAM AUTO_INCREMENT=13 DEFAULT CHARSET=utf8 COMMENT='//配置项表';

#
# Data for table "blog_config"
#

/*!40000 ALTER TABLE `blog_config` DISABLE KEYS */;
INSERT INTO `blog_config` VALUES (2,'统计代码','web_count','网站统计',5,'网站访问情况','textarea',NULL),(3,'网站标题','web_title','强哥的网站',2,'网站标题','input',NULL),(6,'网站状态','web_status','0',8,'网站开启状态','radio','1|开启,0|关闭'),(9,'辅助标题','seo_title','超级服务网站网站',3,'对网站标题的补充','input',NULL),(10,'关键词','keywords','捷安达，公交公司，老车站',1,'页面的seo的关键词','input',NULL),(11,'描述','description','捷安达，公交公司，老车站，捷安达，公交公司，老车站捷安达，公交公司，老车站捷安达，公交公司，老车站',6,'seo网页的描述','textarea',NULL),(12,'版权信息','coprigt','Design by 强哥的网站 <a href=\"http://blog.com/\" target=\"_blank\">http://blog.com/</a>',4,NULL,'textarea',NULL);
/*!40000 ALTER TABLE `blog_config` ENABLE KEYS */;

#
# Structure for table "blog_links"
#

DROP TABLE IF EXISTS `blog_links`;
CREATE TABLE `blog_links` (
  `link_id` int(10) unsigned NOT NULL AUTO_INCREMENT,
  `link_name` varchar(255) COLLATE utf8mb4_unicode_ci NOT NULL DEFAULT '' COMMENT '//友情连接名称',
  `link_title` varchar(255) CHARACTER SET utf8mb4 DEFAULT '' COMMENT '//友情连接标题',
  `link_url` varchar(255) COLLATE utf8mb4_unicode_ci NOT NULL DEFAULT '' COMMENT '//友情url连接',
  `link_order` int(11) NOT NULL DEFAULT '0' COMMENT '//友情排序',
  PRIMARY KEY (`link_id`)
) ENGINE=MyISAM AUTO_INCREMENT=28 DEFAULT CHARSET=utf8mb4 COLLATE=utf8mb4_unicode_ci COMMENT='//友情连接';

#
# Data for table "blog_links"
#

/*!40000 ALTER TABLE `blog_links` DISABLE KEYS */;
INSERT INTO `blog_links` VALUES (2,'淘宝','这里是淘宝的好东西','http://www.taobao.com',2),(7,'快学网','学习好奇怪','http://www.kuaixuewang.com',3),(20,'百度','中国最大的搜索引擎','http://www.baidu.com',1);
/*!40000 ALTER TABLE `blog_links` ENABLE KEYS */;

#
# Structure for table "blog_migrations"
#

DROP TABLE IF EXISTS `blog_migrations`;
CREATE TABLE `blog_migrations` (
  `id` int(10) unsigned NOT NULL AUTO_INCREMENT,
  `migration` varchar(255) COLLATE utf8mb4_unicode_ci NOT NULL,
  `batch` int(11) NOT NULL,
  PRIMARY KEY (`id`)
) ENGINE=MyISAM AUTO_INCREMENT=2 DEFAULT CHARSET=utf8mb4 COLLATE=utf8mb4_unicode_ci;

#
# Data for table "blog_migrations"
#

/*!40000 ALTER TABLE `blog_migrations` DISABLE KEYS */;
INSERT INTO `blog_migrations` VALUES (1,'2017_10_21_205557_create_links_table',1);
/*!40000 ALTER TABLE `blog_migrations` ENABLE KEYS */;

#
# Structure for table "blog_navs"
#

DROP TABLE IF EXISTS `blog_navs`;
CREATE TABLE `blog_navs` (
  `nav_id` int(11) NOT NULL AUTO_INCREMENT,
  `nav_name` varchar(50) NOT NULL DEFAULT '' COMMENT '//名称',
  `nav_alias` varchar(50) DEFAULT NULL COMMENT '//别名',
  `nav_url` varchar(255) NOT NULL DEFAULT '' COMMENT '//url',
  `nav_order` int(11) DEFAULT '0' COMMENT '//排序',
  PRIMARY KEY (`nav_id`)
) ENGINE=MyISAM AUTO_INCREMENT=14 DEFAULT CHARSET=utf8 COMMENT='//自定义导航';

#
# Data for table "blog_navs"
#

/*!40000 ALTER TABLE `blog_navs` DISABLE KEYS */;
INSERT INTO `blog_navs` VALUES (3,'新闻中心','news','http://blog.com/cate/1',2),(5,'公司简介','About','http://blog.com/a/113',1),(9,'首页','home','http://blog.com/',0),(10,'热门体育','notice','http://blog.com/cate/2',4),(11,'娱乐中心','service','http://blog.com/cate/3',5),(12,'网约车服务','logistics','http://blog.com/cate/28',6);
/*!40000 ALTER TABLE `blog_navs` ENABLE KEYS */;

#
# Structure for table "blog_user"
#

DROP TABLE IF EXISTS `blog_user`;
CREATE TABLE `blog_user` (
  `user_id` int(11) NOT NULL AUTO_INCREMENT,
  `user_name` varchar(50) DEFAULT NULL COMMENT '//用户名',
  `user_pass` varchar(255) DEFAULT NULL COMMENT '//密码',
  `create_at` timestamp NULL DEFAULT NULL COMMENT '//创建时间',
  `updated_at` timestamp NULL DEFAULT NULL COMMENT '//更新时间',
  PRIMARY KEY (`user_id`)
) ENGINE=MyISAM AUTO_INCREMENT=3 DEFAULT CHARSET=utf8 COMMENT='//管理员表';

#
# Data for table "blog_user"
#

/*!40000 ALTER TABLE `blog_user` DISABLE KEYS */;
INSERT INTO `blog_user` VALUES (1,'aaa','eyJpdiI6IjdlTm1BcEhYRGlIKzN5ZzV6UjQ5Smc9PSIsInZhbHVlIjoiS3lcL0VGYlZ1WENFWnFSS0dHdTNwZ1E9PSIsIm1hYyI6IjI5ZjRmYzZlMTI3M2Q4NmY0ZDFiMmJiYzU4ZDY1ZDk5OGRjMjFiNGFjNGRmN2JiYmUwZTk2N2U2ZTNhZjZiMjkifQ==',NULL,'2017-11-15 11:14:52');
/*!40000 ALTER TABLE `blog_user` ENABLE KEYS */;
